,日期,收益率,time
0,2019-06-30,2.299,2019-06-30
1,2019-06-29,2.302,2019-06-29
2,2019-06-28,2.306,2019-06-28
3,2019-06-27,2.31,2019-06-27
4,2019-06-26,2.315,2019-06-26
5,2019-06-25,2.314,2019-06-25
6,2019-06-24,2.316,2019-06-24
7,2019-06-23,2.32,2019-06-23
8,2019-06-22,2.323,2019-06-22
9,2019-06-21,2.326,2019-06-21
10,2019-06-20,2.329,2019-06-20
11,2019-06-19,2.329,2019-06-19
12,2019-06-18,2.327,2019-06-18
13,2019-06-17,2.322,2019-06-17
14,2019-06-16,2.316,2019-06-16
15,2019-06-15,2.312,2019-06-15
16,2019-06-14,2.309,2019-06-14
17,2019-06-13,2.305,2019-06-13
18,2019-06-12,2.304,2019-06-12
19,2019-06-11,2.302,2019-06-11
20,2019-06-10,2.305,2019-06-10
21,2019-06-09,2.307,2019-06-09
22,2019-06-08,2.309,2019-06-08
23,2019-06-07,2.31,2019-06-07
24,2019-06-06,2.311,2019-06-06
25,2019-06-05,2.311,2019-06-05
26,2019-06-04,2.311,2019-06-04
27,2019-06-03,2.311,2019-06-03
28,2019-06-02,2.309,2019-06-02
29,2019-06-01,2.303,2019-06-01
30,2019-05-31,2.296,2019-05-31
31,2019-05-30,2.296,2019-05-30
32,2019-05-29,2.292,2019-05-29
33,2019-05-28,2.292,2019-05-28
34,2019-05-27,2.288,2019-05-27
35,2019-05-26,2.286,2019-05-26
36,2019-05-25,2.288,2019-05-25
37,2019-05-24,2.29,2019-05-24
38,2019-05-23,2.287,2019-05-23
39,2019-05-22,2.286,2019-05-22
40,2019-05-21,2.282,2019-05-21
41,2019-05-20,2.283,2019-05-20
42,2019-05-19,2.284,2019-05-19
43,2019-05-18,2.288,2019-05-18
44,2019-05-17,2.291,2019-05-17
45,2019-05-16,2.293,2019-05-16
46,2019-05-15,2.295,2019-05-15
47,2019-05-14,2.298,2019-05-14
48,2019-05-13,2.301,2019-05-13
49,2019-05-12,2.304,2019-05-12
50,2019-05-11,2.307,2019-05-11
51,2019-05-10,2.309,2019-05-10
52,2019-05-09,2.312,2019-05-09
53,2019-05-08,2.314,2019-05-08
54,2019-05-07,2.316,2019-05-07
55,2019-05-06,2.316,2019-05-06
56,2019-05-05,2.316,2019-05-05
57,2019-05-04,2.315,2019-05-04
58,2019-05-03,2.314,2019-05-03
59,2019-05-02,2.329,2019-05-02
60,2019-05-01,2.345,2019-05-01
61,2019-04-30,2.358,2019-04-30
62,2019-04-29,2.356,2019-04-29
63,2019-04-28,2.354,2019-04-28
64,2019-04-27,2.353,2019-04-27
65,2019-04-26,2.352,2019-04-26
66,2019-04-25,2.336,2019-04-25
67,2019-04-24,2.318,2019-04-24
68,2019-04-23,2.305,2019-04-23
69,2019-04-22,2.305,2019-04-22
70,2019-04-21,2.309,2019-04-21
71,2019-04-20,2.308,2019-04-20
72,2019-04-19,2.306,2019-04-19
73,2019-04-18,2.313,2019-04-18
74,2019-04-17,2.311,2019-04-17
75,2019-04-16,2.307,2019-04-16
76,2019-04-15,2.304,2019-04-15
77,2019-04-14,2.296,2019-04-14
78,2019-04-13,2.291,2019-04-13
79,2019-04-12,2.285,2019-04-12
80,2019-04-11,2.273,2019-04-11
81,2019-04-10,2.287,2019-04-10
82,2019-04-09,2.306,2019-04-09
83,2019-04-08,2.317,2019-04-08
84,2019-04-07,2.334,2019-04-07
85,2019-04-06,2.352,2019-04-06
86,2019-04-05,2.37,2019-04-05
87,2019-04-04,2.401,2019-04-04
88,2019-04-03,2.416,2019-04-03
89,2019-04-02,2.426,2019-04-02
90,2019-04-01,2.433,2019-04-01
91,2019-03-31,2.429,2019-03-31
92,2019-03-30,2.427,2019-03-30
93,2019-03-29,2.426,2019-03-29
94,2019-03-28,2.41,2019-03-28
95,2019-03-27,2.392,2019-03-27
96,2019-03-26,2.379,2019-03-26
97,2019-03-25,2.377,2019-03-25
98,2019-03-24,2.391,2019-03-24
99,2019-03-23,2.396,2019-03-23
100,2019-03-22,2.4,2019-03-22
101,2019-03-21,2.405,2019-03-21
102,2019-03-20,2.409,2019-03-20
103,2019-03-19,2.41,2019-03-19
104,2019-03-18,2.412,2019-03-18
105,2019-03-17,2.405,2019-03-17
106,2019-03-16,2.408,2019-03-16
107,2019-03-15,2.41,2019-03-15
108,2019-03-14,2.411,2019-03-14
109,2019-03-13,2.43,2019-03-13
110,2019-03-12,2.432,2019-03-12
111,2019-03-11,2.433,2019-03-11
112,2019-03-10,2.44,2019-03-10
113,2019-03-09,2.438,2019-03-09
114,2019-03-08,2.439,2019-03-08
115,2019-03-07,2.44,2019-03-07
116,2019-03-06,2.424,2019-03-06
117,2019-03-05,2.427,2019-03-05
118,2019-03-04,2.435,2019-03-04
119,2019-03-03,2.438,2019-03-03
120,2019-03-02,2.44,2019-03-02
121,2019-03-01,2.44,2019-03-01
122,2019-02-28,2.448,2019-02-28
123,2019-02-27,2.447,2019-02-27
124,2019-02-26,2.456,2019-02-26
125,2019-02-25,2.474,2019-02-25
126,2019-02-24,2.482,2019-02-24
127,2019-02-23,2.489,2019-02-23
128,2019-02-22,2.496,2019-02-22
129,2019-02-21,2.499,2019-02-21
130,2019-02-20,2.515,2019-02-20
131,2019-02-19,2.531,2019-02-19
132,2019-02-18,2.548,2019-02-18
133,2019-02-17,2.577,2019-02-17
134,2019-02-16,2.585,2019-02-16
135,2019-02-15,2.592,2019-02-15
136,2019-02-14,2.596,2019-02-14
137,2019-02-13,2.594,2019-02-13
138,2019-02-12,2.582,2019-02-12
139,2019-02-11,2.553,2019-02-11
140,2019-02-10,2.524,2019-02-10
141,2019-02-09,2.524,2019-02-09
142,2019-02-08,2.524,2019-02-08
143,2019-02-07,2.576,2019-02-07
144,2019-02-06,2.615,2019-02-06
145,2019-02-05,2.642,2019-02-05
146,2019-02-04,2.679,2019-02-04
147,2019-02-03,2.707,2019-02-03
148,2019-02-02,2.696,2019-02-02
149,2019-02-01,2.685,2019-02-01
150,2019-01-31,2.643,2019-01-31
151,2019-01-30,2.628,2019-01-30
152,2019-01-29,2.619,2019-01-29
153,2019-01-28,2.597,2019-01-28
154,2019-01-27,2.594,2019-01-27
155,2019-01-26,2.597,2019-01-26
156,2019-01-25,2.6,2019-01-25
157,2019-01-24,2.621,2019-01-24
158,2019-01-23,2.602,2019-01-23
159,2019-01-22,2.597,2019-01-22
160,2019-01-21,2.59,2019-01-21
161,2019-01-20,2.594,2019-01-20
162,2019-01-19,2.604,2019-01-19
163,2019-01-18,2.614,2019-01-18
164,2019-01-17,2.62,2019-01-17
165,2019-01-16,2.65,2019-01-16
166,2019-01-15,2.646,2019-01-15
167,2019-01-14,2.658,2019-01-14
168,2019-01-13,2.638,2019-01-13
169,2019-01-12,2.65,2019-01-12
170,2019-01-11,2.662,2019-01-11
171,2019-01-10,2.641,2019-01-10
172,2019-01-09,2.62,2019-01-09
173,2019-01-08,2.625,2019-01-08
174,2019-01-07,2.622,2019-01-07
175,2019-01-06,2.629,2019-01-06
176,2019-01-05,2.631,2019-01-05
177,2019-01-04,2.633,2019-01-04
178,2019-01-03,2.635,2019-01-03
179,2019-01-02,2.633,2019-01-02
180,2019-01-01,2.628,2019-01-01
181,2018-12-31,2.617,2018-12-31
182,2018-12-30,2.606,2018-12-30
183,2018-12-29,2.593,2018-12-29
184,2018-12-28,2.58,2018-12-28
185,2018-12-27,2.567,2018-12-27
186,2018-12-26,2.558,2018-12-26
187,2018-12-25,2.553,2018-12-25
188,2018-12-24,2.551,2018-12-24
189,2018-12-23,2.545,2018-12-23
190,2018-12-22,2.541,2018-12-22
191,2018-12-21,2.538,2018-12-21
192,2018-12-20,2.535,2018-12-20
193,2018-12-19,2.533,2018-12-19
194,2018-12-18,2.536,2018-12-18
195,2018-12-17,2.532,2018-12-17
196,2018-12-16,2.533,2018-12-16
197,2018-12-15,2.536,2018-12-15
198,2018-12-14,2.538,2018-12-14
199,2018-12-13,2.54,2018-12-13
200,2018-12-12,2.541,2018-12-12
201,2018-12-11,2.537,2018-12-11
202,2018-12-10,2.542,2018-12-10
203,2018-12-09,2.545,2018-12-09
204,2018-12-08,2.548,2018-12-08
205,2018-12-07,2.551,2018-12-07
206,2018-12-06,2.554,2018-12-06
207,2018-12-05,2.554,2018-12-05
208,2018-12-04,2.554,2018-12-04
209,2018-12-03,2.551,2018-12-03
210,2018-12-02,2.547,2018-12-02
211,2018-12-01,2.542,2018-12-01
212,2018-11-30,2.536,2018-11-30
213,2018-11-29,2.531,2018-11-29
214,2018-11-28,2.526,2018-11-28
215,2018-11-27,2.523,2018-11-27
216,2018-11-26,2.52,2018-11-26
217,2018-11-25,2.518,2018-11-25
218,2018-11-24,2.515,2018-11-24
219,2018-11-23,2.511,2018-11-23
220,2018-11-22,2.507,2018-11-22
221,2018-11-21,2.506,2018-11-21
222,2018-11-20,2.502,2018-11-20
223,2018-11-19,2.502,2018-11-19
224,2018-11-18,2.5,2018-11-18
225,2018-11-17,2.498,2018-11-17
226,2018-11-16,2.496,2018-11-16
227,2018-11-15,2.497,2018-11-15
228,2018-11-14,2.499,2018-11-14
229,2018-11-13,2.503,2018-11-13
230,2018-11-12,2.509,2018-11-12
231,2018-11-11,2.518,2018-11-11
232,2018-11-10,2.531,2018-11-10
233,2018-11-09,2.545,2018-11-09
234,2018-11-08,2.557,2018-11-08
235,2018-11-07,2.565,2018-11-07
236,2018-11-06,2.574,2018-11-06
237,2018-11-05,2.578,2018-11-05
238,2018-11-04,2.582,2018-11-04
239,2018-11-03,2.585,2018-11-03
240,2018-11-02,2.586,2018-11-02
241,2018-11-01,2.588,2018-11-01
242,2018-10-31,2.592,2018-10-31
243,2018-10-30,2.596,2018-10-30
244,2018-10-29,2.605,2018-10-29
245,2018-10-28,2.611,2018-10-28
246,2018-10-27,2.617,2018-10-27
247,2018-10-26,2.623,2018-10-26
248,2018-10-25,2.631,2018-10-25
249,2018-10-24,2.641,2018-10-24
250,2018-10-23,2.656,2018-10-23
251,2018-10-22,2.665,2018-10-22
252,2018-10-21,2.676,2018-10-21
253,2018-10-20,2.689,2018-10-20
254,2018-10-19,2.702,2018-10-19
255,2018-10-18,2.713,2018-10-18
256,2018-10-17,2.72,2018-10-17
257,2018-10-16,2.729,2018-10-16
258,2018-10-15,2.731,2018-10-15
259,2018-10-14,2.733,2018-10-14
260,2018-10-13,2.741,2018-10-13
261,2018-10-12,2.75,2018-10-12
262,2018-10-11,2.757,2018-10-11
263,2018-10-10,2.766,2018-10-10
264,2018-10-09,2.767,2018-10-09
265,2018-10-08,2.776,2018-10-08
266,2018-10-07,2.786,2018-10-07
267,2018-10-06,2.786,2018-10-06
268,2018-10-05,2.786,2018-10-05
269,2018-10-04,2.786,2018-10-04
270,2018-10-03,2.783,2018-10-03
271,2018-10-02,2.784,2018-10-02
272,2018-10-01,2.791,2018-10-01
273,2018-09-30,2.8,2018-09-30
274,2018-09-29,2.81,2018-09-29
275,2018-09-28,2.821,2018-09-28
276,2018-09-27,2.831,2018-09-27
277,2018-09-26,2.85,2018-09-26
278,2018-09-25,2.867,2018-09-25
279,2018-09-24,2.883,2018-09-24
280,2018-09-23,2.898,2018-09-23
281,2018-09-22,2.913,2018-09-22
282,2018-09-21,2.928,2018-09-21
283,2018-09-20,2.944,2018-09-20
284,2018-09-19,2.962,2018-09-19
285,2018-09-18,2.978,2018-09-18
286,2018-09-17,2.992,2018-09-17
287,2018-09-16,3.007,2018-09-16
288,2018-09-15,3.025,2018-09-15
289,2018-09-14,3.043,2018-09-14
290,2018-09-13,3.061,2018-09-13
291,2018-09-12,3.075,2018-09-12
292,2018-09-11,3.089,2018-09-11
293,2018-09-10,3.104,2018-09-10
294,2018-09-09,3.118,2018-09-09
295,2018-09-08,3.131,2018-09-08
296,2018-09-07,3.144,2018-09-07
297,2018-09-06,3.161,2018-09-06
298,2018-09-05,3.172,2018-09-05
299,2018-09-04,3.182,2018-09-04
300,2018-09-03,3.189,2018-09-03
301,2018-09-02,3.195,2018-09-02
302,2018-09-01,3.197,2018-09-01
303,2018-08-31,3.2,2018-08-31
304,2018-08-30,3.199,2018-08-30
305,2018-08-29,3.201,2018-08-29
306,2018-08-28,3.203,2018-08-28
307,2018-08-27,3.206,2018-08-27
308,2018-08-26,3.21,2018-08-26
309,2018-08-25,3.217,2018-08-25
310,2018-08-24,3.224,2018-08-24
311,2018-08-23,3.231,2018-08-23
312,2018-08-22,3.24,2018-08-22
313,2018-08-21,3.248,2018-08-21
314,2018-08-20,3.259,2018-08-20
315,2018-08-19,3.279,2018-08-19
316,2018-08-18,3.288,2018-08-18
317,2018-08-17,3.297,2018-08-17
318,2018-08-16,3.306,2018-08-16
319,2018-08-15,3.315,2018-08-15
320,2018-08-14,3.325,2018-08-14
321,2018-08-13,3.33,2018-08-13
322,2018-08-12,3.329,2018-08-12
323,2018-08-11,3.336,2018-08-11
324,2018-08-10,3.344,2018-08-10
325,2018-08-09,3.352,2018-08-09
326,2018-08-08,3.36,2018-08-08
327,2018-08-07,3.368,2018-08-07
328,2018-08-06,3.377,2018-08-06
329,2018-08-05,3.395,2018-08-05
330,2018-08-04,3.404,2018-08-04
331,2018-08-03,3.413,2018-08-03
332,2018-08-02,3.421,2018-08-02
333,2018-08-01,3.428,2018-08-01
334,2018-07-31,3.435,2018-07-31
335,2018-07-30,3.448,2018-07-30
336,2018-07-29,3.443,2018-07-29
337,2018-07-28,3.448,2018-07-28
338,2018-07-27,3.452,2018-07-27
339,2018-07-26,3.459,2018-07-26
340,2018-07-25,3.464,2018-07-25
341,2018-07-24,3.469,2018-07-24
342,2018-07-23,3.473,2018-07-23
343,2018-07-22,3.484,2018-07-22
344,2018-07-21,3.493,2018-07-21
345,2018-07-20,3.502,2018-07-20
346,2018-07-19,3.509,2018-07-19
347,2018-07-18,3.517,2018-07-18
348,2018-07-17,3.524,2018-07-17
349,2018-07-16,3.527,2018-07-16
350,2018-07-15,3.527,2018-07-15
351,2018-07-14,3.537,2018-07-14
352,2018-07-13,3.547,2018-07-13
353,2018-07-12,3.556,2018-07-12
354,2018-07-11,3.568,2018-07-11
355,2018-07-10,3.584,2018-07-10
356,2018-07-09,3.602,2018-07-09
357,2018-07-08,3.626,2018-07-08
358,2018-07-07,3.644,2018-07-07
359,2018-07-06,3.663,2018-07-06
360,2018-07-05,3.684,2018-07-05
361,2018-07-04,3.7,2018-07-04
362,2018-07-03,3.713,2018-07-03
363,2018-07-02,3.722,2018-07-02
364,2018-07-01,3.734,2018-07-01
365,2018-06-30,3.738,2018-06-30
366,2018-06-29,3.742,2018-06-29
367,2018-06-28,3.741,2018-06-28
368,2018-06-27,3.747,2018-06-27
369,2018-06-26,3.753,2018-06-26
370,2018-06-25,3.762,2018-06-25
371,2018-06-24,3.76,2018-06-24
372,2018-06-23,3.765,2018-06-23
373,2018-06-22,3.769,2018-06-22
374,2018-06-21,3.774,2018-06-21
375,2018-06-20,3.779,2018-06-20
376,2018-06-19,3.78,2018-06-19
377,2018-06-18,3.78,2018-06-18
378,2018-06-17,3.778,2018-06-17
379,2018-06-16,3.773,2018-06-16
380,2018-06-15,3.768,2018-06-15
381,2018-06-14,3.762,2018-06-14
382,2018-06-13,3.749,2018-06-13
383,2018-06-12,3.738,2018-06-12
384,2018-06-11,3.731,2018-06-11
385,2018-06-10,3.732,2018-06-10
386,2018-06-09,3.733,2018-06-09
387,2018-06-08,3.734,2018-06-08
388,2018-06-07,3.734,2018-06-07
389,2018-06-06,3.749,2018-06-06
390,2018-06-05,3.754,2018-06-05
391,2018-06-04,3.757,2018-06-04
392,2018-06-03,3.753,2018-06-03
393,2018-06-02,3.748,2018-06-02
394,2018-06-01,3.744,2018-06-01
395,2018-05-31,3.739,2018-05-31
396,2018-05-30,3.727,2018-05-30
397,2018-05-29,3.72,2018-05-29
398,2018-05-28,3.715,2018-05-28
399,2018-05-27,3.713,2018-05-27
400,2018-05-26,3.712,2018-05-26
401,2018-05-25,3.712,2018-05-25
402,2018-05-24,3.723,2018-05-24
403,2018-05-23,3.723,2018-05-23
404,2018-05-22,3.728,2018-05-22
405,2018-05-21,3.737,2018-05-21
406,2018-05-20,3.743,2018-05-20
407,2018-05-19,3.753,2018-05-19
408,2018-05-18,3.763,2018-05-18
409,2018-05-17,3.762,2018-05-17
410,2018-05-16,3.771,2018-05-16
411,2018-05-15,3.78,2018-05-15
412,2018-05-14,3.787,2018-05-14
413,2018-05-13,3.799,2018-05-13
414,2018-05-12,3.814,2018-05-12
415,2018-05-11,3.829,2018-05-11
416,2018-05-10,3.854,2018-05-10
417,2018-05-09,3.875,2018-05-09
418,2018-05-08,3.896,2018-05-08
419,2018-05-07,3.915,2018-05-07
420,2018-05-06,3.934,2018-05-06
421,2018-05-05,3.945,2018-05-05
422,2018-05-04,3.957,2018-05-04
423,2018-05-03,3.959,2018-05-03
424,2018-05-02,3.964,2018-05-02
425,2018-05-01,3.97,2018-05-01
426,2018-04-30,3.97,2018-04-30
427,2018-04-29,3.983,2018-04-29
428,2018-04-28,3.983,2018-04-28
429,2018-04-27,3.983,2018-04-27
430,2018-04-26,3.986,2018-04-26
431,2018-04-25,3.988,2018-04-25
432,2018-04-24,3.991,2018-04-24
433,2018-04-23,3.998,2018-04-23
434,2018-04-22,3.992,2018-04-22
435,2018-04-21,4.003,2018-04-21
436,2018-04-20,4.013,2018-04-20
437,2018-04-19,4.022,2018-04-19
438,2018-04-18,4.034,2018-04-18
439,2018-04-17,4.041,2018-04-17
440,2018-04-16,4.048,2018-04-16
441,2018-04-15,4.06,2018-04-15
442,2018-04-14,4.074,2018-04-14
443,2018-04-13,4.084,2018-04-13
444,2018-04-12,4.095,2018-04-12
445,2018-04-11,4.101,2018-04-11
446,2018-04-10,4.11,2018-04-10
447,2018-04-09,4.12,2018-04-09
448,2018-04-08,4.13,2018-04-08
449,2018-04-07,4.132,2018-04-07
450,2018-04-06,4.137,2018-04-06
451,2018-04-05,4.142,2018-04-05
452,2018-04-04,4.151,2018-04-04
453,2018-04-03,4.159,2018-04-03
454,2018-04-02,4.166,2018-04-02
455,2018-04-01,4.172,2018-04-01
456,2018-03-31,4.178,2018-03-31
457,2018-03-30,4.183,2018-03-30
458,2018-03-29,4.19,2018-03-29
459,2018-03-28,4.194,2018-03-28
460,2018-03-27,4.198,2018-03-27
461,2018-03-26,4.201,2018-03-26
462,2018-03-25,4.199,2018-03-25
463,2018-03-24,4.196,2018-03-24
464,2018-03-23,4.193,2018-03-23
465,2018-03-22,4.189,2018-03-22
466,2018-03-21,4.181,2018-03-21
467,2018-03-20,4.173,2018-03-20
468,2018-03-19,4.165,2018-03-19
469,2018-03-18,4.159,2018-03-18
470,2018-03-17,4.153,2018-03-17
471,2018-03-16,4.148,2018-03-16
472,2018-03-15,4.145,2018-03-15
473,2018-03-14,4.144,2018-03-14
474,2018-03-13,4.142,2018-03-13
475,2018-03-12,4.141,2018-03-12
476,2018-03-11,4.138,2018-03-11
477,2018-03-10,4.14,2018-03-10
478,2018-03-09,4.142,2018-03-09
479,2018-03-08,4.142,2018-03-08
480,2018-03-07,4.142,2018-03-07
481,2018-03-06,4.146,2018-03-06
482,2018-03-05,4.147,2018-03-05
483,2018-03-04,4.147,2018-03-04
484,2018-03-03,4.143,2018-03-03
485,2018-03-02,4.14,2018-03-02
486,2018-03-01,4.136,2018-03-01
487,2018-02-28,4.126,2018-02-28
488,2018-02-27,4.109,2018-02-27
489,2018-02-26,4.094,2018-02-26
490,2018-02-25,4.08,2018-02-25
491,2018-02-24,4.069,2018-02-24
492,2018-02-23,4.058,2018-02-23
493,2018-02-22,4.047,2018-02-22
494,2018-02-21,4.043,2018-02-21
495,2018-02-20,4.043,2018-02-20
496,2018-02-19,4.047,2018-02-19
497,2018-02-18,4.051,2018-02-18
498,2018-02-17,4.058,2018-02-17
499,2018-02-16,4.066,2018-02-16
500,2018-02-15,4.073,2018-02-15
501,2018-02-14,4.079,2018-02-14
502,2018-02-13,4.084,2018-02-13
503,2018-02-12,4.083,2018-02-12
504,2018-02-11,4.076,2018-02-11
505,2018-02-10,4.063,2018-02-10
506,2018-02-09,4.051,2018-02-09
507,2018-02-08,4.038,2018-02-08
508,2018-02-07,4.022,2018-02-07
509,2018-02-06,4.012,2018-02-06
510,2018-02-05,3.995,2018-02-05
511,2018-02-04,3.981,2018-02-04
512,2018-02-03,3.962,2018-02-03
513,2018-02-02,3.944,2018-02-02
514,2018-02-01,3.927,2018-02-01
515,2018-01-31,3.914,2018-01-31
516,2018-01-30,3.905,2018-01-30
517,2018-01-29,3.913,2018-01-29
518,2018-01-28,3.94,2018-01-28
519,2018-01-27,3.977,2018-01-27
520,2018-01-26,4.015,2018-01-26
521,2018-01-25,4.051,2018-01-25
522,2018-01-24,4.087,2018-01-24
523,2018-01-23,4.115,2018-01-23
524,2018-01-22,4.134,2018-01-22
525,2018-01-21,4.141,2018-01-21
526,2018-01-20,4.143,2018-01-20
527,2018-01-19,4.146,2018-01-19
528,2018-01-18,4.149,2018-01-18
529,2018-01-17,4.155,2018-01-17
530,2018-01-16,4.162,2018-01-16
531,2018-01-15,4.171,2018-01-15
532,2018-01-14,4.177,2018-01-14
533,2018-01-13,4.18,2018-01-13
534,2018-01-12,4.182,2018-01-12
535,2018-01-11,4.186,2018-01-11
536,2018-01-10,4.191,2018-01-10
537,2018-01-09,4.2,2018-01-09
538,2018-01-08,4.224,2018-01-08
539,2018-01-07,4.258,2018-01-07
540,2018-01-06,4.296,2018-01-06
541,2018-01-05,4.333,2018-01-05
542,2018-01-04,4.368,2018-01-04
543,2018-01-03,4.391,2018-01-03
544,2018-01-02,4.394,2018-01-02
545,2018-01-01,4.371,2018-01-01
546,2017-12-31,4.328,2017-12-31
547,2017-12-30,4.289,2017-12-30
548,2017-12-29,4.249,2017-12-29
549,2017-12-28,4.21,2017-12-28
550,2017-12-27,4.177,2017-12-27
551,2017-12-26,4.159,2017-12-26
552,2017-12-25,4.146,2017-12-25
553,2017-12-24,4.141,2017-12-24
554,2017-12-23,4.129,2017-12-23
555,2017-12-22,4.117,2017-12-22
556,2017-12-21,4.105,2017-12-21
557,2017-12-20,4.094,2017-12-20
558,2017-12-19,4.081,2017-12-19
559,2017-12-18,4.062,2017-12-18
560,2017-12-17,4.041,2017-12-17
561,2017-12-16,4.015,2017-12-16
562,2017-12-15,3.989,2017-12-15
563,2017-12-14,3.964,2017-12-14
564,2017-12-13,3.946,2017-12-13
565,2017-12-12,3.935,2017-12-12
566,2017-12-11,3.932,2017-12-11
567,2017-12-10,3.941,2017-12-10
568,2017-12-09,3.955,2017-12-09
569,2017-12-08,3.969,2017-12-08
570,2017-12-07,3.983,2017-12-07
571,2017-12-06,3.99,2017-12-06
572,2017-12-05,3.993,2017-12-05
573,2017-12-04,3.993,2017-12-04
574,2017-12-03,3.991,2017-12-03
575,2017-12-02,3.986,2017-12-02
576,2017-12-01,3.981,2017-12-01
577,2017-11-30,3.976,2017-11-30
578,2017-11-29,3.969,2017-11-29
579,2017-11-28,3.962,2017-11-28
580,2017-11-27,3.961,2017-11-27
581,2017-11-26,3.95,2017-11-26
582,2017-11-25,3.942,2017-11-25
583,2017-11-24,3.934,2017-11-24
584,2017-11-23,3.931,2017-11-23
585,2017-11-22,3.921,2017-11-22
586,2017-11-21,3.916,2017-11-21
587,2017-11-20,3.907,2017-11-20
588,2017-11-19,3.904,2017-11-19
589,2017-11-18,3.899,2017-11-18
590,2017-11-17,3.895,2017-11-17
591,2017-11-16,3.889,2017-11-16
592,2017-11-15,3.885,2017-11-15
593,2017-11-14,3.879,2017-11-14
594,2017-11-13,3.876,2017-11-13
595,2017-11-12,3.873,2017-11-12
596,2017-11-11,3.873,2017-11-11
597,2017-11-10,3.874,2017-11-10
598,2017-11-09,3.872,2017-11-09
599,2017-11-08,3.874,2017-11-08
600,2017-11-07,3.88,2017-11-07
601,2017-11-06,3.886,2017-11-06
602,2017-11-05,3.889,2017-11-05
603,2017-11-04,3.889,2017-11-04
604,2017-11-03,3.89,2017-11-03
605,2017-11-02,3.889,2017-11-02
606,2017-11-01,3.89,2017-11-01
607,2017-10-31,3.886,2017-10-31
608,2017-10-30,3.881,2017-10-30
609,2017-10-29,3.879,2017-10-29
610,2017-10-28,3.878,2017-10-28
611,2017-10-27,3.877,2017-10-27
612,2017-10-26,3.883,2017-10-26
613,2017-10-25,3.883,2017-10-25
614,2017-10-24,3.888,2017-10-24
615,2017-10-23,3.892,2017-10-23
616,2017-10-22,3.898,2017-10-22
617,2017-10-21,3.899,2017-10-21
618,2017-10-20,3.901,2017-10-20
619,2017-10-19,3.898,2017-10-19
620,2017-10-18,3.9,2017-10-18
621,2017-10-17,3.901,2017-10-17
622,2017-10-16,3.914,2017-10-16
623,2017-10-15,3.919,2017-10-15
624,2017-10-14,3.924,2017-10-14
625,2017-10-13,3.929,2017-10-13
626,2017-10-12,3.931,2017-10-12
627,2017-10-11,3.936,2017-10-11
628,2017-10-10,3.936,2017-10-10
629,2017-10-09,3.925,2017-10-09
630,2017-10-08,3.921,2017-10-08
631,2017-10-07,3.922,2017-10-07
632,2017-10-06,3.922,2017-10-06
633,2017-10-05,3.922,2017-10-05
634,2017-10-04,3.924,2017-10-04
635,2017-10-03,3.922,2017-10-03
636,2017-10-02,3.918,2017-10-02
637,2017-10-01,3.917,2017-10-01
638,2017-09-30,3.917,2017-09-30
639,2017-09-29,3.917,2017-09-29
640,2017-09-28,3.917,2017-09-28
641,2017-09-27,3.919,2017-09-27
642,2017-09-26,3.924,2017-09-26
643,2017-09-25,3.934,2017-09-25
644,2017-09-24,3.945,2017-09-24
645,2017-09-23,3.951,2017-09-23
646,2017-09-22,3.958,2017-09-22
647,2017-09-21,3.971,2017-09-21
648,2017-09-20,3.976,2017-09-20
649,2017-09-19,3.985,2017-09-19
650,2017-09-18,3.995,2017-09-18
651,2017-09-17,3.997,2017-09-17
652,2017-09-16,4.003,2017-09-16
653,2017-09-15,4.009,2017-09-15
654,2017-09-14,4.01,2017-09-14
655,2017-09-13,4.016,2017-09-13
656,2017-09-12,4.019,2017-09-12
657,2017-09-11,4.02,2017-09-11
658,2017-09-10,4.023,2017-09-10
659,2017-09-09,4.028,2017-09-09
660,2017-09-08,4.033,2017-09-08
661,2017-09-07,4.044,2017-09-07
662,2017-09-06,4.049,2017-09-06
663,2017-09-05,4.05,2017-09-05
664,2017-09-04,4.052,2017-09-04
665,2017-09-03,4.054,2017-09-03
666,2017-09-02,4.054,2017-09-02
667,2017-09-01,4.053,2017-09-01
668,2017-08-31,4.048,2017-08-31
669,2017-08-30,4.046,2017-08-30
670,2017-08-29,4.048,2017-08-29
671,2017-08-28,4.054,2017-08-28
672,2017-08-27,4.068,2017-08-27
673,2017-08-26,4.068,2017-08-26
674,2017-08-25,4.069,2017-08-25
675,2017-08-24,4.067,2017-08-24
676,2017-08-23,4.067,2017-08-23
677,2017-08-22,4.046,2017-08-22
678,2017-08-21,4.003,2017-08-21
679,2017-08-20,3.968,2017-08-20
680,2017-08-19,3.936,2017-08-19
681,2017-08-18,3.904,2017-08-18
682,2017-08-17,3.875,2017-08-17
683,2017-08-16,3.855,2017-08-16
684,2017-08-15,3.861,2017-08-15
685,2017-08-14,3.89,2017-08-14
686,2017-08-13,3.9,2017-08-13
687,2017-08-12,3.924,2017-08-12
688,2017-08-11,3.948,2017-08-11
689,2017-08-10,3.975,2017-08-10
690,2017-08-09,3.989,2017-08-09
691,2017-08-08,3.993,2017-08-08
692,2017-08-07,3.999,2017-08-07
693,2017-08-06,4.003,2017-08-06
694,2017-08-05,4.01,2017-08-05
695,2017-08-04,4.018,2017-08-04
696,2017-08-03,4.024,2017-08-03
697,2017-08-02,4.031,2017-08-02
698,2017-08-01,4.04,2017-08-01
699,2017-07-31,4.042,2017-07-31
700,2017-07-30,4.049,2017-07-30
701,2017-07-29,4.049,2017-07-29
702,2017-07-28,4.049,2017-07-28
703,2017-07-27,4.046,2017-07-27
704,2017-07-26,4.051,2017-07-26
705,2017-07-25,4.06,2017-07-25
706,2017-07-24,4.065,2017-07-24
707,2017-07-23,4.073,2017-07-23
708,2017-07-22,4.08,2017-07-22
709,2017-07-21,4.087,2017-07-21
710,2017-07-20,4.095,2017-07-20
711,2017-07-19,4.097,2017-07-19
712,2017-07-18,4.097,2017-07-18
713,2017-07-17,4.099,2017-07-17
714,2017-07-16,4.099,2017-07-16
715,2017-07-15,4.102,2017-07-15
716,2017-07-14,4.105,2017-07-14
717,2017-07-13,4.106,2017-07-13
718,2017-07-12,4.109,2017-07-12
719,2017-07-11,4.114,2017-07-11
720,2017-07-10,4.12,2017-07-10
721,2017-07-09,4.129,2017-07-09
722,2017-07-08,4.141,2017-07-08
723,2017-07-07,4.152,2017-07-07
724,2017-07-06,4.163,2017-07-06
725,2017-07-05,4.17,2017-07-05
726,2017-07-04,4.178,2017-07-04
727,2017-07-03,4.178,2017-07-03
728,2017-07-02,4.159,2017-07-02
729,2017-07-01,4.158,2017-07-01
730,2017-06-30,4.157,2017-06-30
731,2017-06-29,4.153,2017-06-29
732,2017-06-28,4.132,2017-06-28
733,2017-06-27,4.117,2017-06-27
734,2017-06-26,4.115,2017-06-26
735,2017-06-25,4.114,2017-06-25
736,2017-06-24,4.111,2017-06-24
737,2017-06-23,4.108,2017-06-23
738,2017-06-22,4.105,2017-06-22
739,2017-06-21,4.12,2017-06-21
740,2017-06-20,4.13,2017-06-20
741,2017-06-19,4.133,2017-06-19
742,2017-06-18,4.151,2017-06-18
743,2017-06-17,4.146,2017-06-17
744,2017-06-16,4.142,2017-06-16
745,2017-06-15,4.156,2017-06-15
746,2017-06-14,4.153,2017-06-14
747,2017-06-13,4.148,2017-06-13
748,2017-06-12,4.148,2017-06-12
749,2017-06-11,4.139,2017-06-11
750,2017-06-10,4.133,2017-06-10
751,2017-06-09,4.128,2017-06-09
752,2017-06-08,4.106,2017-06-08
753,2017-06-07,4.097,2017-06-07
754,2017-06-06,4.09,2017-06-06
755,2017-06-05,4.077,2017-06-05
756,2017-06-04,4.071,2017-06-04
757,2017-06-03,4.066,2017-06-03
758,2017-06-02,4.061,2017-06-02
759,2017-06-01,4.057,2017-06-01
760,2017-05-31,4.058,2017-05-31
761,2017-05-30,4.056,2017-05-30
762,2017-05-29,4.059,2017-05-29
763,2017-05-28,4.057,2017-05-28
764,2017-05-27,4.051,2017-05-27
765,2017-05-26,4.046,2017-05-26
766,2017-05-25,4.051,2017-05-25
767,2017-05-24,4.05,2017-05-24
768,2017-05-23,4.047,2017-05-23
769,2017-05-22,4.048,2017-05-22
770,2017-05-21,4.044,2017-05-21
771,2017-05-20,4.042,2017-05-20
772,2017-05-19,4.04,2017-05-19
773,2017-05-18,4.037,2017-05-18
774,2017-05-17,4.033,2017-05-17
775,2017-05-16,4.028,2017-05-16
776,2017-05-15,4.018,2017-05-15
777,2017-05-14,4.015,2017-05-14
778,2017-05-13,4.012,2017-05-13
779,2017-05-12,4.009,2017-05-12
780,2017-05-11,4.0,2017-05-11
781,2017-05-10,3.996,2017-05-10
782,2017-05-09,3.995,2017-05-09
783,2017-05-08,3.994,2017-05-08
784,2017-05-07,3.992,2017-05-07
785,2017-05-06,3.992,2017-05-06
786,2017-05-05,3.992,2017-05-05
787,2017-05-04,3.989,2017-05-04
788,2017-05-03,3.987,2017-05-03
789,2017-05-02,3.986,2017-05-02
790,2017-05-01,3.986,2017-05-01
791,2017-04-30,3.992,2017-04-30
792,2017-04-29,3.979,2017-04-29
793,2017-04-28,3.969,2017-04-28
794,2017-04-27,3.965,2017-04-27
795,2017-04-26,3.959,2017-04-26
796,2017-04-25,3.954,2017-04-25
797,2017-04-24,3.949,2017-04-24
798,2017-04-23,3.937,2017-04-23
799,2017-04-22,3.938,2017-04-22
800,2017-04-21,3.94,2017-04-21
801,2017-04-20,3.937,2017-04-20
802,2017-04-19,3.938,2017-04-19
803,2017-04-18,3.94,2017-04-18
804,2017-04-17,3.937,2017-04-17
805,2017-04-16,3.949,2017-04-16
806,2017-04-15,3.951,2017-04-15
807,2017-04-14,3.95,2017-04-14
808,2017-04-13,3.949,2017-04-13
809,2017-04-12,3.948,2017-04-12
810,2017-04-11,3.945,2017-04-11
811,2017-04-10,3.948,2017-04-10
812,2017-04-09,3.94,2017-04-09
813,2017-04-08,3.946,2017-04-08
814,2017-04-07,3.954,2017-04-07
815,2017-04-06,3.96,2017-04-06
816,2017-04-05,3.964,2017-04-05
817,2017-04-04,3.965,2017-04-04
818,2017-04-03,3.962,2017-04-03
819,2017-04-02,3.954,2017-04-02
820,2017-04-01,3.943,2017-04-01
821,2017-03-31,3.929,2017-03-31
822,2017-03-30,3.916,2017-03-30
823,2017-03-29,3.903,2017-03-29
824,2017-03-28,3.891,2017-03-28
825,2017-03-27,3.878,2017-03-27
826,2017-03-26,3.869,2017-03-26
827,2017-03-25,3.856,2017-03-25
828,2017-03-24,3.843,2017-03-24
829,2017-03-23,3.83,2017-03-23
830,2017-03-22,3.817,2017-03-22
831,2017-03-21,3.8,2017-03-21
832,2017-03-20,3.784,2017-03-20
833,2017-03-19,3.776,2017-03-19
834,2017-03-18,3.762,2017-03-18
835,2017-03-17,3.748,2017-03-17
836,2017-03-16,3.736,2017-03-16
837,2017-03-15,3.723,2017-03-15
838,2017-03-14,3.712,2017-03-14
839,2017-03-13,3.699,2017-03-13
840,2017-03-12,3.683,2017-03-12
841,2017-03-11,3.674,2017-03-11
842,2017-03-10,3.666,2017-03-10
843,2017-03-09,3.654,2017-03-09
844,2017-03-08,3.65,2017-03-08
845,2017-03-07,3.646,2017-03-07
846,2017-03-06,3.646,2017-03-06
847,2017-03-05,3.642,2017-03-05
848,2017-03-04,3.644,2017-03-04
849,2017-03-03,3.645,2017-03-03
850,2017-03-02,3.65,2017-03-02
851,2017-03-01,3.65,2017-03-01
852,2017-02-28,3.651,2017-02-28
853,2017-02-27,3.652,2017-02-27
854,2017-02-26,3.652,2017-02-26
855,2017-02-25,3.649,2017-02-25
856,2017-02-24,3.646,2017-02-24
857,2017-02-23,3.645,2017-02-23
858,2017-02-22,3.643,2017-02-22
859,2017-02-21,3.639,2017-02-21
860,2017-02-20,3.636,2017-02-20
861,2017-02-19,3.639,2017-02-19
862,2017-02-18,3.637,2017-02-18
863,2017-02-17,3.635,2017-02-17
864,2017-02-16,3.628,2017-02-16
865,2017-02-15,3.626,2017-02-15
866,2017-02-14,3.624,2017-02-14
867,2017-02-13,3.62,2017-02-13
868,2017-02-12,3.621,2017-02-12
869,2017-02-11,3.622,2017-02-11
870,2017-02-10,3.622,2017-02-10
871,2017-02-09,3.623,2017-02-09
872,2017-02-08,3.623,2017-02-08
873,2017-02-07,3.623,2017-02-07
874,2017-02-06,3.624,2017-02-06
875,2017-02-05,3.615,2017-02-05
876,2017-02-04,3.616,2017-02-04
877,2017-02-03,3.617,2017-02-03
878,2017-02-02,3.615,2017-02-02
879,2017-02-01,3.618,2017-02-01
880,2017-01-31,3.62,2017-01-31
881,2017-01-30,3.626,2017-01-30
882,2017-01-29,3.624,2017-01-29
883,2017-01-28,3.619,2017-01-28
884,2017-01-27,3.613,2017-01-27
885,2017-01-26,3.613,2017-01-26
886,2017-01-25,3.604,2017-01-25
887,2017-01-24,3.592,2017-01-24
888,2017-01-23,3.567,2017-01-23
889,2017-01-22,3.547,2017-01-22
890,2017-01-21,3.522,2017-01-21
891,2017-01-20,3.498,2017-01-20
892,2017-01-19,3.474,2017-01-19
893,2017-01-18,3.454,2017-01-18
894,2017-01-17,3.44,2017-01-17
895,2017-01-16,3.426,2017-01-16
896,2017-01-15,3.418,2017-01-15
897,2017-01-14,3.411,2017-01-14
898,2017-01-13,3.405,2017-01-13
899,2017-01-12,3.402,2017-01-12
900,2017-01-11,3.39,2017-01-11
901,2017-01-10,3.377,2017-01-10
902,2017-01-09,3.371,2017-01-09
903,2017-01-08,3.359,2017-01-08
904,2017-01-07,3.354,2017-01-07
905,2017-01-06,3.349,2017-01-06
906,2017-01-05,3.336,2017-01-05
907,2017-01-04,3.333,2017-01-04
908,2017-01-03,3.32,2017-01-03
909,2017-01-02,3.304,2017-01-02
910,2017-01-01,3.289,2017-01-01
911,2016-12-31,3.259,2016-12-31
912,2016-12-30,3.229,2016-12-30
913,2016-12-29,3.204,2016-12-29
914,2016-12-28,3.169,2016-12-28
915,2016-12-27,3.135,2016-12-27
916,2016-12-26,3.078,2016-12-26
917,2016-12-25,3.03,2016-12-25
918,2016-12-24,2.987,2016-12-24
919,2016-12-23,2.944,2016-12-23
920,2016-12-22,2.895,2016-12-22
921,2016-12-21,2.849,2016-12-21
922,2016-12-20,2.808,2016-12-20
923,2016-12-19,2.789,2016-12-19
924,2016-12-18,2.758,2016-12-18
925,2016-12-17,2.73,2016-12-17
926,2016-12-16,2.702,2016-12-16
927,2016-12-15,2.674,2016-12-15
928,2016-12-14,2.652,2016-12-14
929,2016-12-13,2.631,2016-12-13
930,2016-12-12,2.611,2016-12-12
931,2016-12-11,2.601,2016-12-11
932,2016-12-10,2.591,2016-12-10
933,2016-12-09,2.581,2016-12-09
934,2016-12-08,2.571,2016-12-08
935,2016-12-07,2.56,2016-12-07
936,2016-12-06,2.551,2016-12-06
937,2016-12-05,2.55,2016-12-05
938,2016-12-04,2.537,2016-12-04
939,2016-12-03,2.53,2016-12-03
940,2016-12-02,2.524,2016-12-02
941,2016-12-01,2.517,2016-12-01
942,2016-11-30,2.516,2016-11-30
943,2016-11-29,2.511,2016-11-29
944,2016-11-28,2.505,2016-11-28
945,2016-11-27,2.509,2016-11-27
946,2016-11-26,2.5,2016-11-26
947,2016-11-25,2.493,2016-11-25
948,2016-11-24,2.495,2016-11-24
949,2016-11-23,2.488,2016-11-23
950,2016-11-22,2.483,2016-11-22
951,2016-11-21,2.475,2016-11-21
952,2016-11-20,2.468,2016-11-20
953,2016-11-19,2.467,2016-11-19
954,2016-11-18,2.463,2016-11-18
955,2016-11-17,2.46,2016-11-17
956,2016-11-16,2.453,2016-11-16
957,2016-11-15,2.448,2016-11-15
958,2016-11-14,2.444,2016-11-14
959,2016-11-13,2.434,2016-11-13
960,2016-11-12,2.434,2016-11-12
961,2016-11-11,2.434,2016-11-11
962,2016-11-10,2.424,2016-11-10
963,2016-11-09,2.425,2016-11-09
964,2016-11-08,2.423,2016-11-08
965,2016-11-07,2.42,2016-11-07
966,2016-11-06,2.429,2016-11-06
967,2016-11-05,2.422,2016-11-05
968,2016-11-04,2.416,2016-11-04
969,2016-11-03,2.409,2016-11-03
970,2016-11-02,2.404,2016-11-02
971,2016-11-01,2.399,2016-11-01
972,2016-10-31,2.396,2016-10-31
973,2016-10-30,2.39,2016-10-30
974,2016-10-29,2.389,2016-10-29
975,2016-10-28,2.389,2016-10-28
976,2016-10-27,2.388,2016-10-27
977,2016-10-26,2.386,2016-10-26
978,2016-10-25,2.383,2016-10-25
979,2016-10-24,2.383,2016-10-24
980,2016-10-23,2.37,2016-10-23
981,2016-10-22,2.367,2016-10-22
982,2016-10-21,2.364,2016-10-21
983,2016-10-20,2.364,2016-10-20
984,2016-10-19,2.364,2016-10-19
985,2016-10-18,2.361,2016-10-18
986,2016-10-17,2.359,2016-10-17
987,2016-10-16,2.357,2016-10-16
988,2016-10-15,2.356,2016-10-15
989,2016-10-14,2.355,2016-10-14
990,2016-10-13,2.35,2016-10-13
991,2016-10-12,2.346,2016-10-12
992,2016-10-11,2.345,2016-10-11
993,2016-10-10,2.343,2016-10-10
994,2016-10-09,2.343,2016-10-09
995,2016-10-08,2.344,2016-10-08
996,2016-10-07,2.344,2016-10-07
997,2016-10-06,2.344,2016-10-06
998,2016-10-05,2.347,2016-10-05
999,2016-10-04,2.348,2016-10-04
1000,2016-10-03,2.349,2016-10-03
1001,2016-10-02,2.354,2016-10-02
1002,2016-10-01,2.357,2016-10-01
1003,2016-09-30,2.36,2016-09-30
1004,2016-09-29,2.366,2016-09-29
1005,2016-09-28,2.367,2016-09-28
1006,2016-09-27,2.369,2016-09-27
1007,2016-09-26,2.37,2016-09-26
1008,2016-09-25,2.372,2016-09-25
1009,2016-09-24,2.408,2016-09-24
1010,2016-09-23,2.403,2016-09-23
1011,2016-09-22,2.395,2016-09-22
1012,2016-09-21,2.389,2016-09-21
1013,2016-09-20,2.389,2016-09-20
1014,2016-09-19,2.39,2016-09-19
1015,2016-09-18,2.386,2016-09-18
1016,2016-09-17,2.335,2016-09-17
1017,2016-09-16,2.324,2016-09-16
1018,2016-09-15,2.319,2016-09-15
1019,2016-09-14,2.319,2016-09-14
1020,2016-09-13,2.306,2016-09-13
1021,2016-09-12,2.295,2016-09-12
1022,2016-09-11,2.301,2016-09-11
1023,2016-09-10,2.309,2016-09-10
1024,2016-09-09,2.317,2016-09-09
1025,2016-09-08,2.33,2016-09-08
1026,2016-09-07,2.325,2016-09-07
1027,2016-09-06,2.329,2016-09-06
1028,2016-09-05,2.333,2016-09-05
1029,2016-09-04,2.319,2016-09-04
1030,2016-09-03,2.321,2016-09-03
1031,2016-09-02,2.322,2016-09-02
1032,2016-09-01,2.313,2016-09-01
1033,2016-08-31,2.318,2016-08-31
1034,2016-08-30,2.321,2016-08-30
1035,2016-08-29,2.342,2016-08-29
1036,2016-08-28,2.344,2016-08-28
1037,2016-08-27,2.344,2016-08-27
1038,2016-08-26,2.345,2016-08-26
1039,2016-08-25,2.348,2016-08-25
1040,2016-08-24,2.353,2016-08-24
1041,2016-08-23,2.354,2016-08-23
1042,2016-08-22,2.351,2016-08-22
1043,2016-08-21,2.359,2016-08-21
1044,2016-08-20,2.36,2016-08-20
1045,2016-08-19,2.363,2016-08-19
1046,2016-08-18,2.367,2016-08-18
1047,2016-08-17,2.366,2016-08-17
1048,2016-08-16,2.369,2016-08-16
1049,2016-08-15,2.359,2016-08-15
1050,2016-08-14,2.357,2016-08-14
1051,2016-08-13,2.361,2016-08-13
1052,2016-08-12,2.362,2016-08-12
1053,2016-08-11,2.361,2016-08-11
1054,2016-08-10,2.364,2016-08-10
1055,2016-08-09,2.371,2016-08-09
1056,2016-08-08,2.372,2016-08-08
1057,2016-08-07,2.372,2016-08-07
1058,2016-08-06,2.373,2016-08-06
1059,2016-08-05,2.374,2016-08-05
1060,2016-08-04,2.375,2016-08-04
1061,2016-08-03,2.374,2016-08-03
1062,2016-08-02,2.367,2016-08-02
1063,2016-08-01,2.368,2016-08-01
1064,2016-07-31,2.37,2016-07-31
1065,2016-07-30,2.371,2016-07-30
1066,2016-07-29,2.372,2016-07-29
1067,2016-07-28,2.376,2016-07-28
1068,2016-07-27,2.378,2016-07-27
1069,2016-07-26,2.384,2016-07-26
1070,2016-07-25,2.388,2016-07-25
1071,2016-07-24,2.393,2016-07-24
1072,2016-07-23,2.397,2016-07-23
1073,2016-07-22,2.401,2016-07-22
1074,2016-07-21,2.424,2016-07-21
1075,2016-07-20,2.428,2016-07-20
1076,2016-07-19,2.436,2016-07-19
1077,2016-07-18,2.438,2016-07-18
1078,2016-07-17,2.437,2016-07-17
1079,2016-07-16,2.439,2016-07-16
1080,2016-07-15,2.441,2016-07-15
1081,2016-07-14,2.424,2016-07-14
1082,2016-07-13,2.43,2016-07-13
1083,2016-07-12,2.436,2016-07-12
1084,2016-07-11,2.439,2016-07-11
1085,2016-07-10,2.441,2016-07-10
1086,2016-07-09,2.442,2016-07-09
1087,2016-07-08,2.442,2016-07-08
1088,2016-07-07,2.439,2016-07-07
1089,2016-07-06,2.433,2016-07-06
1090,2016-07-05,2.426,2016-07-05
1091,2016-07-04,2.426,2016-07-04
1092,2016-07-03,2.428,2016-07-03
1093,2016-07-02,2.43,2016-07-02
1094,2016-07-01,2.432,2016-07-01
1095,2016-06-30,2.435,2016-06-30
1096,2016-06-29,2.437,2016-06-29
1097,2016-06-28,2.437,2016-06-28
1098,2016-06-27,2.437,2016-06-27
1099,2016-06-26,2.441,2016-06-26
1100,2016-06-25,2.442,2016-06-25
1101,2016-06-24,2.442,2016-06-24
1102,2016-06-23,2.444,2016-06-23
1103,2016-06-22,2.447,2016-06-22
1104,2016-06-21,2.451,2016-06-21
1105,2016-06-20,2.452,2016-06-20
1106,2016-06-19,2.455,2016-06-19
1107,2016-06-18,2.486,2016-06-18
1108,2016-06-17,2.486,2016-06-17
1109,2016-06-16,2.484,2016-06-16
1110,2016-06-15,2.482,2016-06-15
1111,2016-06-14,2.48,2016-06-14
1112,2016-06-13,2.478,2016-06-13
1113,2016-06-12,2.479,2016-06-12
1114,2016-06-11,2.448,2016-06-11
1115,2016-06-10,2.447,2016-06-10
1116,2016-06-09,2.447,2016-06-09
1117,2016-06-08,2.448,2016-06-08
1118,2016-06-07,2.449,2016-06-07
1119,2016-06-06,2.448,2016-06-06
1120,2016-06-05,2.441,2016-06-05
1121,2016-06-04,2.44,2016-06-04
1122,2016-06-03,2.44,2016-06-03
1123,2016-06-02,2.438,2016-06-02
1124,2016-06-01,2.436,2016-06-01
1125,2016-05-31,2.433,2016-05-31
1126,2016-05-30,2.439,2016-05-30
1127,2016-05-29,2.439,2016-05-29
1128,2016-05-28,2.436,2016-05-28
1129,2016-05-27,2.434,2016-05-27
1130,2016-05-26,2.433,2016-05-26
1131,2016-05-25,2.432,2016-05-25
1132,2016-05-24,2.442,2016-05-24
1133,2016-05-23,2.437,2016-05-23
1134,2016-05-22,2.444,2016-05-22
1135,2016-05-21,2.444,2016-05-21
1136,2016-05-20,2.443,2016-05-20
1137,2016-05-19,2.455,2016-05-19
1138,2016-05-18,2.454,2016-05-18
1139,2016-05-17,2.444,2016-05-17
1140,2016-05-16,2.44,2016-05-16
1141,2016-05-15,2.434,2016-05-15
1142,2016-05-14,2.435,2016-05-14
1143,2016-05-13,2.437,2016-05-13
1144,2016-05-12,2.424,2016-05-12
1145,2016-05-11,2.425,2016-05-11
1146,2016-05-10,2.425,2016-05-10
1147,2016-05-09,2.434,2016-05-09
1148,2016-05-08,2.43,2016-05-08
1149,2016-05-07,2.429,2016-05-07
1150,2016-05-06,2.429,2016-05-06
1151,2016-05-05,2.434,2016-05-05
1152,2016-05-04,2.435,2016-05-04
1153,2016-05-03,2.446,2016-05-03
1154,2016-05-02,2.439,2016-05-02
1155,2016-05-01,2.462,2016-05-01
1156,2016-04-30,2.462,2016-04-30
1157,2016-04-29,2.463,2016-04-29
1158,2016-04-28,2.461,2016-04-28
1159,2016-04-27,2.467,2016-04-27
1160,2016-04-26,2.457,2016-04-26
1161,2016-04-25,2.461,2016-04-25
1162,2016-04-24,2.453,2016-04-24
1163,2016-04-23,2.456,2016-04-23
1164,2016-04-22,2.459,2016-04-22
1165,2016-04-21,2.479,2016-04-21
1166,2016-04-20,2.476,2016-04-20
1167,2016-04-19,2.479,2016-04-19
1168,2016-04-18,2.486,2016-04-18
1169,2016-04-17,2.486,2016-04-17
1170,2016-04-16,2.489,2016-04-16
1171,2016-04-15,2.493,2016-04-15
1172,2016-04-14,2.486,2016-04-14
1173,2016-04-13,2.495,2016-04-13
1174,2016-04-12,2.497,2016-04-12
1175,2016-04-11,2.51,2016-04-11
1176,2016-04-10,2.504,2016-04-10
1177,2016-04-09,2.508,2016-04-09
1178,2016-04-08,2.51,2016-04-08
1179,2016-04-07,2.489,2016-04-07
1180,2016-04-06,2.487,2016-04-06
1181,2016-04-05,2.489,2016-04-05
1182,2016-04-04,2.473,2016-04-04
1183,2016-04-03,2.477,2016-04-03
1184,2016-04-02,2.478,2016-04-02
1185,2016-04-01,2.479,2016-04-01
1186,2016-03-31,2.5,2016-03-31
1187,2016-03-30,2.504,2016-03-30
1188,2016-03-29,2.518,2016-03-29
1189,2016-03-28,2.522,2016-03-28
1190,2016-03-27,2.53,2016-03-27
1191,2016-03-26,2.535,2016-03-26
1192,2016-03-25,2.54,2016-03-25
1193,2016-03-24,2.544,2016-03-24
1194,2016-03-23,2.544,2016-03-23
1195,2016-03-22,2.543,2016-03-22
1196,2016-03-21,2.546,2016-03-21
1197,2016-03-20,2.544,2016-03-20
1198,2016-03-19,2.545,2016-03-19
1199,2016-03-18,2.546,2016-03-18
1200,2016-03-17,2.542,2016-03-17
1201,2016-03-16,2.546,2016-03-16
1202,2016-03-15,2.55,2016-03-15
1203,2016-03-14,2.559,2016-03-14
1204,2016-03-13,2.569,2016-03-13
1205,2016-03-12,2.569,2016-03-12
1206,2016-03-11,2.569,2016-03-11
1207,2016-03-10,2.576,2016-03-10
1208,2016-03-09,2.574,2016-03-09
1209,2016-03-08,2.566,2016-03-08
1210,2016-03-07,2.561,2016-03-07
1211,2016-03-06,2.556,2016-03-06
1212,2016-03-05,2.559,2016-03-05
1213,2016-03-04,2.562,2016-03-04
1214,2016-03-03,2.555,2016-03-03
1215,2016-03-02,2.56,2016-03-02
1216,2016-03-01,2.56,2016-03-01
1217,2016-02-29,2.566,2016-02-29
1218,2016-02-28,2.574,2016-02-28
1219,2016-02-27,2.574,2016-02-27
1220,2016-02-26,2.575,2016-02-26
1221,2016-02-25,2.578,2016-02-25
1222,2016-02-24,2.577,2016-02-24
1223,2016-02-23,2.58,2016-02-23
1224,2016-02-22,2.579,2016-02-22
1225,2016-02-21,2.599,2016-02-21
1226,2016-02-20,2.648,2016-02-20
1227,2016-02-19,2.66,2016-02-19
1228,2016-02-18,2.673,2016-02-18
1229,2016-02-17,2.685,2016-02-17
1230,2016-02-16,2.695,2016-02-16
1231,2016-02-15,2.705,2016-02-15
1232,2016-02-14,2.687,2016-02-14
1233,2016-02-13,2.652,2016-02-13
1234,2016-02-12,2.666,2016-02-12
1235,2016-02-11,2.641,2016-02-11
1236,2016-02-10,2.636,2016-02-10
1237,2016-02-09,2.639,2016-02-09
1238,2016-02-08,2.644,2016-02-08
1239,2016-02-07,2.652,2016-02-07
1240,2016-02-06,2.651,2016-02-06
1241,2016-02-05,2.636,2016-02-05
1242,2016-02-04,2.659,2016-02-04
1243,2016-02-03,2.66,2016-02-03
1244,2016-02-02,2.663,2016-02-02
1245,2016-02-01,2.662,2016-02-01
1246,2016-01-31,2.672,2016-01-31
1247,2016-01-30,2.67,2016-01-30
1248,2016-01-29,2.668,2016-01-29
1249,2016-01-28,2.688,2016-01-28
1250,2016-01-27,2.686,2016-01-27
1251,2016-01-26,2.673,2016-01-26
1252,2016-01-25,2.668,2016-01-25
1253,2016-01-24,2.692,2016-01-24
1254,2016-01-23,2.696,2016-01-23
1255,2016-01-22,2.701,2016-01-22
1256,2016-01-21,2.679,2016-01-21
1257,2016-01-20,2.711,2016-01-20
1258,2016-01-19,2.724,2016-01-19
1259,2016-01-18,2.733,2016-01-18
1260,2016-01-17,2.703,2016-01-17
1261,2016-01-16,2.701,2016-01-16
1262,2016-01-15,2.699,2016-01-15
1263,2016-01-14,2.713,2016-01-14
1264,2016-01-13,2.696,2016-01-13
1265,2016-01-12,2.697,2016-01-12
1266,2016-01-11,2.697,2016-01-11
1267,2016-01-10,2.685,2016-01-10
1268,2016-01-09,2.687,2016-01-09
1269,2016-01-08,2.689,2016-01-08
1270,2016-01-07,2.681,2016-01-07
1271,2016-01-06,2.668,2016-01-06
1272,2016-01-05,2.664,2016-01-05
1273,2016-01-04,2.676,2016-01-04
1274,2016-01-03,2.688,2016-01-03
1275,2016-01-02,2.693,2016-01-02
1276,2016-01-01,2.698,2016-01-01
1277,2015-12-31,2.703,2015-12-31
1278,2015-12-30,2.713,2015-12-30
1279,2015-12-29,2.715,2015-12-29
1280,2015-12-28,2.699,2015-12-28
1281,2015-12-27,2.702,2015-12-27
1282,2015-12-26,2.704,2015-12-26
1283,2015-12-25,2.705,2015-12-25
1284,2015-12-24,2.707,2015-12-24
1285,2015-12-23,2.714,2015-12-23
1286,2015-12-22,2.72,2015-12-22
1287,2015-12-21,2.726,2015-12-21
1288,2015-12-20,2.793,2015-12-20
1289,2015-12-19,2.796,2015-12-19
1290,2015-12-18,2.798,2015-12-18
1291,2015-12-17,2.802,2015-12-17
1292,2015-12-16,2.8,2015-12-16
1293,2015-12-15,2.805,2015-12-15
1294,2015-12-14,2.805,2015-12-14
1295,2015-12-13,2.756,2015-12-13
1296,2015-12-12,2.755,2015-12-12
1297,2015-12-11,2.754,2015-12-11
1298,2015-12-10,2.753,2015-12-10
1299,2015-12-09,2.759,2015-12-09
1300,2015-12-08,2.781,2015-12-08
1301,2015-12-07,2.779,2015-12-07
1302,2015-12-06,2.755,2015-12-06
1303,2015-12-05,2.755,2015-12-05
1304,2015-12-04,2.756,2015-12-04
1305,2015-12-03,2.76,2015-12-03
1306,2015-12-02,2.76,2015-12-02
1307,2015-12-01,2.733,2015-12-01
1308,2015-11-30,2.738,2015-11-30
1309,2015-11-29,2.755,2015-11-29
1310,2015-11-28,2.755,2015-11-28
1311,2015-11-27,2.756,2015-11-27
1312,2015-11-26,2.756,2015-11-26
1313,2015-11-25,2.778,2015-11-25
1314,2015-11-24,2.798,2015-11-24
1315,2015-11-23,2.813,2015-11-23
1316,2015-11-22,2.816,2015-11-22
1317,2015-11-21,2.819,2015-11-21
1318,2015-11-20,2.822,2015-11-20
1319,2015-11-19,2.825,2015-11-19
1320,2015-11-18,2.805,2015-11-18
1321,2015-11-17,2.79,2015-11-17
1322,2015-11-16,2.828,2015-11-16
1323,2015-11-15,2.849,2015-11-15
1324,2015-11-14,2.86,2015-11-14
1325,2015-11-13,2.871,2015-11-13
1326,2015-11-12,2.886,2015-11-12
1327,2015-11-11,2.894,2015-11-11
1328,2015-11-10,2.915,2015-11-10
1329,2015-11-09,2.899,2015-11-09
1330,2015-11-08,2.883,2015-11-08
1331,2015-11-07,2.885,2015-11-07
1332,2015-11-06,2.887,2015-11-06
1333,2015-11-05,2.881,2015-11-05
1334,2015-11-04,2.895,2015-11-04
1335,2015-11-03,2.899,2015-11-03
1336,2015-11-02,2.879,2015-11-02
1337,2015-11-01,2.887,2015-11-01
1338,2015-10-31,2.898,2015-10-31
1339,2015-10-30,2.909,2015-10-30
1340,2015-10-29,2.93,2015-10-29
1341,2015-10-28,2.929,2015-10-28
1342,2015-10-27,2.944,2015-10-27
1343,2015-10-26,2.957,2015-10-26
1344,2015-10-25,3.011,2015-10-25
1345,2015-10-24,3.017,2015-10-24
1346,2015-10-23,3.024,2015-10-23
1347,2015-10-22,3.021,2015-10-22
1348,2015-10-21,3.025,2015-10-21
1349,2015-10-20,3.029,2015-10-20
1350,2015-10-19,3.028,2015-10-19
1351,2015-10-18,2.977,2015-10-18
1352,2015-10-17,2.975,2015-10-17
1353,2015-10-16,3.018,2015-10-16
1354,2015-10-15,3.011,2015-10-15
1355,2015-10-14,3.187,2015-10-14
1356,2015-10-13,3.171,2015-10-13
1357,2015-10-12,3.171,2015-10-12
1358,2015-10-11,3.17,2015-10-11
1359,2015-10-10,3.172,2015-10-10
1360,2015-10-09,3.128,2015-10-09
1361,2015-10-08,3.133,2015-10-08
1362,2015-10-07,2.958,2015-10-07
1363,2015-10-06,2.951,2015-10-06
1364,2015-10-05,2.948,2015-10-05
1365,2015-10-04,2.968,2015-10-04
1366,2015-10-03,2.971,2015-10-03
1367,2015-10-02,2.974,2015-10-02
1368,2015-10-01,2.988,2015-10-01
1369,2015-09-30,2.999,2015-09-30
1370,2015-09-29,3.017,2015-09-29
1371,2015-09-28,3.046,2015-09-28
1372,2015-09-27,3.067,2015-09-27
1373,2015-09-26,3.087,2015-09-26
1374,2015-09-25,3.108,2015-09-25
1375,2015-09-24,3.117,2015-09-24
1376,2015-09-23,3.147,2015-09-23
1377,2015-09-22,3.162,2015-09-22
1378,2015-09-21,3.162,2015-09-21
1379,2015-09-20,3.18,2015-09-20
1380,2015-09-19,3.186,2015-09-19
1381,2015-09-18,3.192,2015-09-18
1382,2015-09-17,3.214,2015-09-17
1383,2015-09-16,3.212,2015-09-16
1384,2015-09-15,3.232,2015-09-15
1385,2015-09-14,3.246,2015-09-14
1386,2015-09-13,3.217,2015-09-13
1387,2015-09-12,3.303,2015-09-12
1388,2015-09-11,3.301,2015-09-11
1389,2015-09-10,3.284,2015-09-10
1390,2015-09-09,3.273,2015-09-09
1391,2015-09-08,3.261,2015-09-08
1392,2015-09-07,3.249,2015-09-07
1393,2015-09-06,3.258,2015-09-06
1394,2015-09-05,3.169,2015-09-05
1395,2015-09-04,3.168,2015-09-04
1396,2015-09-03,3.17,2015-09-03
1397,2015-09-02,3.177,2015-09-02
1398,2015-09-01,3.192,2015-09-01
1399,2015-08-31,3.238,2015-08-31
1400,2015-08-30,3.254,2015-08-30
1401,2015-08-29,3.256,2015-08-29
1402,2015-08-28,3.259,2015-08-28
1403,2015-08-27,3.262,2015-08-27
1404,2015-08-26,3.26,2015-08-26
1405,2015-08-25,3.248,2015-08-25
1406,2015-08-24,3.208,2015-08-24
1407,2015-08-23,3.23,2015-08-23
1408,2015-08-22,3.234,2015-08-22
1409,2015-08-21,3.237,2015-08-21
1410,2015-08-20,3.246,2015-08-20
1411,2015-08-19,3.253,2015-08-19
1412,2015-08-18,3.256,2015-08-18
1413,2015-08-17,3.274,2015-08-17
1414,2015-08-16,3.248,2015-08-16
1415,2015-08-15,3.248,2015-08-15
1416,2015-08-14,3.248,2015-08-14
1417,2015-08-13,3.241,2015-08-13
1418,2015-08-12,3.24,2015-08-12
1419,2015-08-11,3.249,2015-08-11
1420,2015-08-10,3.238,2015-08-10
1421,2015-08-09,3.224,2015-08-09
1422,2015-08-08,3.228,2015-08-08
1423,2015-08-07,3.232,2015-08-07
1424,2015-08-06,3.237,2015-08-06
1425,2015-08-05,3.238,2015-08-05
1426,2015-08-04,3.235,2015-08-04
1427,2015-08-03,3.236,2015-08-03
1428,2015-08-02,3.263,2015-08-02
1429,2015-08-01,3.272,2015-08-01
1430,2015-07-31,3.282,2015-07-31
1431,2015-07-30,3.307,2015-07-30
1432,2015-07-29,3.318,2015-07-29
1433,2015-07-28,3.323,2015-07-28
1434,2015-07-27,3.333,2015-07-27
1435,2015-07-26,3.339,2015-07-26
1436,2015-07-25,3.349,2015-07-25
1437,2015-07-24,3.359,2015-07-24
1438,2015-07-23,3.352,2015-07-23
1439,2015-07-22,3.365,2015-07-22
1440,2015-07-21,3.381,2015-07-21
1441,2015-07-20,3.435,2015-07-20
1442,2015-07-19,3.444,2015-07-19
1443,2015-07-18,3.45,2015-07-18
1444,2015-07-17,3.456,2015-07-17
1445,2015-07-16,3.462,2015-07-16
1446,2015-07-15,3.467,2015-07-15
1447,2015-07-14,3.469,2015-07-14
1448,2015-07-13,3.431,2015-07-13
1449,2015-07-12,3.421,2015-07-12
1450,2015-07-11,3.421,2015-07-11
1451,2015-07-10,3.42,2015-07-10
1452,2015-07-09,3.42,2015-07-09
1453,2015-07-08,3.415,2015-07-08
1454,2015-07-07,3.409,2015-07-07
1455,2015-07-06,3.405,2015-07-06
1456,2015-07-05,3.406,2015-07-05
1457,2015-07-04,3.416,2015-07-04
1458,2015-07-03,3.426,2015-07-03
1459,2015-07-02,3.435,2015-07-02
1460,2015-07-01,3.461,2015-07-01
1461,2015-06-30,3.483,2015-06-30
1462,2015-06-29,3.51,2015-06-29
1463,2015-06-28,3.541,2015-06-28
1464,2015-06-27,3.568,2015-06-27
1465,2015-06-26,3.595,2015-06-26
1466,2015-06-25,3.626,2015-06-25
1467,2015-06-24,3.641,2015-06-24
1468,2015-06-23,3.673,2015-06-23
1469,2015-06-22,3.714,2015-06-22
1470,2015-06-21,3.757,2015-06-21
1471,2015-06-20,3.805,2015-06-20
1472,2015-06-19,3.853,2015-06-19
1473,2015-06-18,3.898,2015-06-18
1474,2015-06-17,3.946,2015-06-17
1475,2015-06-16,3.98,2015-06-16
1476,2015-06-15,4.006,2015-06-15
1477,2015-06-14,4.018,2015-06-14
1478,2015-06-13,4.026,2015-06-13
1479,2015-06-12,4.034,2015-06-12
1480,2015-06-11,4.043,2015-06-11
1481,2015-06-10,4.045,2015-06-10
1482,2015-06-09,4.046,2015-06-09
1483,2015-06-08,4.044,2015-06-08
1484,2015-06-07,4.047,2015-06-07
1485,2015-06-06,4.04,2015-06-06
1486,2015-06-05,4.033,2015-06-05
1487,2015-06-04,4.024,2015-06-04
1488,2015-06-03,4.016,2015-06-03
1489,2015-06-02,4.013,2015-06-02
1490,2015-06-01,4.013,2015-06-01
1491,2015-05-31,4.02,2015-05-31
1492,2015-05-30,4.034,2015-05-30
1493,2015-05-29,4.047,2015-05-29
1494,2015-05-28,4.08,2015-05-28
1495,2015-05-27,4.1,2015-05-27
1496,2015-05-26,4.132,2015-05-26
1497,2015-05-25,4.166,2015-05-25
1498,2015-05-24,4.185,2015-05-24
1499,2015-05-23,4.195,2015-05-23
1500,2015-05-22,4.204,2015-05-22
1501,2015-05-21,4.202,2015-05-21
1502,2015-05-20,4.229,2015-05-20
1503,2015-05-19,4.239,2015-05-19
1504,2015-05-18,4.238,2015-05-18
1505,2015-05-17,4.252,2015-05-17
1506,2015-05-16,4.266,2015-05-16
1507,2015-05-15,4.279,2015-05-15
1508,2015-05-14,4.296,2015-05-14
1509,2015-05-13,4.288,2015-05-13
1510,2015-05-12,4.284,2015-05-12
1511,2015-05-11,4.273,2015-05-11
1512,2015-05-10,4.26,2015-05-10
1513,2015-05-09,4.257,2015-05-09
1514,2015-05-08,4.253,2015-05-08
1515,2015-05-07,4.241,2015-05-07
1516,2015-05-06,4.236,2015-05-06
1517,2015-05-05,4.241,2015-05-05
1518,2015-05-04,4.253,2015-05-04
1519,2015-05-03,4.266,2015-05-03
1520,2015-05-02,4.269,2015-05-02
1521,2015-05-01,4.272,2015-05-01
1522,2015-04-30,4.275,2015-04-30
1523,2015-04-29,4.288,2015-04-29
1524,2015-04-28,4.299,2015-04-28
1525,2015-04-27,4.311,2015-04-27
1526,2015-04-26,4.344,2015-04-26
1527,2015-04-25,4.366,2015-04-25
1528,2015-04-24,4.388,2015-04-24
1529,2015-04-23,4.411,2015-04-23
1530,2015-04-22,4.436,2015-04-22
1531,2015-04-21,4.441,2015-04-21
1532,2015-04-20,4.449,2015-04-20
1533,2015-04-19,4.462,2015-04-19
1534,2015-04-18,4.462,2015-04-18
1535,2015-04-17,4.462,2015-04-17
1536,2015-04-16,4.481,2015-04-16
1537,2015-04-15,4.491,2015-04-15
1538,2015-04-14,4.492,2015-04-14
1539,2015-04-13,4.502,2015-04-13
1540,2015-04-12,4.466,2015-04-12
1541,2015-04-11,4.466,2015-04-11
1542,2015-04-10,4.468,2015-04-10
1543,2015-04-09,4.452,2015-04-09
1544,2015-04-08,4.433,2015-04-08
1545,2015-04-07,4.433,2015-04-07
1546,2015-04-06,4.428,2015-04-06
1547,2015-04-05,4.446,2015-04-05
1548,2015-04-04,4.448,2015-04-04
1549,2015-04-03,4.45,2015-04-03
1550,2015-04-02,4.457,2015-04-02
1551,2015-04-01,4.458,2015-04-01
1552,2015-03-31,4.493,2015-03-31
1553,2015-03-30,4.487,2015-03-30
1554,2015-03-29,4.499,2015-03-29
1555,2015-03-28,4.499,2015-03-28
1556,2015-03-27,4.499,2015-03-27
1557,2015-03-26,4.503,2015-03-26
1558,2015-03-25,4.522,2015-03-25
1559,2015-03-24,4.519,2015-03-24
1560,2015-03-23,4.522,2015-03-23
1561,2015-03-22,4.54,2015-03-22
1562,2015-03-21,4.541,2015-03-21
1563,2015-03-20,4.542,2015-03-20
1564,2015-03-19,4.538,2015-03-19
1565,2015-03-18,4.525,2015-03-18
1566,2015-03-17,4.502,2015-03-17
1567,2015-03-16,4.521,2015-03-16
1568,2015-03-15,4.482,2015-03-15
1569,2015-03-14,4.481,2015-03-14
1570,2015-03-13,4.48,2015-03-13
1571,2015-03-12,4.489,2015-03-12
1572,2015-03-11,4.483,2015-03-11
1573,2015-03-10,4.481,2015-03-10
1574,2015-03-09,4.46,2015-03-09
1575,2015-03-08,4.454,2015-03-08
1576,2015-03-07,4.452,2015-03-07
1577,2015-03-06,4.453,2015-03-06
1578,2015-03-05,4.45,2015-03-05
1579,2015-03-04,4.456,2015-03-04
1580,2015-03-03,4.486,2015-03-03
1581,2015-03-02,4.48,2015-03-02
1582,2015-03-01,4.477,2015-03-01
1583,2015-02-28,4.475,2015-02-28
1584,2015-02-27,4.469,2015-02-27
1585,2015-02-26,4.454,2015-02-26
1586,2015-02-25,4.445,2015-02-25
1587,2015-02-24,4.405,2015-02-24
1588,2015-02-23,4.42,2015-02-23
1589,2015-02-22,4.43,2015-02-22
1590,2015-02-21,4.451,2015-02-21
1591,2015-02-20,4.456,2015-02-20
1592,2015-02-19,4.484,2015-02-19
1593,2015-02-18,4.498,2015-02-18
1594,2015-02-17,4.513,2015-02-17
1595,2015-02-16,4.494,2015-02-16
1596,2015-02-15,4.481,2015-02-15
1597,2015-02-14,4.442,2015-02-14
1598,2015-02-13,4.421,2015-02-13
1599,2015-02-12,4.375,2015-02-12
1600,2015-02-11,4.348,2015-02-11
1601,2015-02-10,4.322,2015-02-10
1602,2015-02-09,4.314,2015-02-09
1603,2015-02-08,4.306,2015-02-08
1604,2015-02-07,4.312,2015-02-07
1605,2015-02-06,4.319,2015-02-06
1606,2015-02-05,4.326,2015-02-05
1607,2015-02-04,4.329,2015-02-04
1608,2015-02-03,4.342,2015-02-03
1609,2015-02-02,4.342,2015-02-02
1610,2015-02-01,4.348,2015-02-01
1611,2015-01-31,4.351,2015-01-31
1612,2015-01-30,4.351,2015-01-30
1613,2015-01-29,4.361,2015-01-29
1614,2015-01-28,4.369,2015-01-28
1615,2015-01-27,4.356,2015-01-27
1616,2015-01-26,4.37,2015-01-26
1617,2015-01-25,4.373,2015-01-25
1618,2015-01-24,4.372,2015-01-24
1619,2015-01-23,4.371,2015-01-23
1620,2015-01-22,4.386,2015-01-22
1621,2015-01-21,4.383,2015-01-21
1622,2015-01-20,4.398,2015-01-20
1623,2015-01-19,4.396,2015-01-19
1624,2015-01-18,4.47,2015-01-18
1625,2015-01-17,4.477,2015-01-17
1626,2015-01-16,4.483,2015-01-16
1627,2015-01-15,4.465,2015-01-15
1628,2015-01-14,4.475,2015-01-14
1629,2015-01-13,4.481,2015-01-13
1630,2015-01-12,4.499,2015-01-12
1631,2015-01-11,4.451,2015-01-11
1632,2015-01-10,4.478,2015-01-10
1633,2015-01-09,4.505,2015-01-09
1634,2015-01-08,4.531,2015-01-08
1635,2015-01-07,4.551,2015-01-07
1636,2015-01-06,4.564,2015-01-06
1637,2015-01-05,4.576,2015-01-05
1638,2015-01-04,4.603,2015-01-04
1639,2015-01-03,4.623,2015-01-03
1640,2015-01-02,4.644,2015-01-02
1641,2015-01-01,4.666,2015-01-01
1642,2014-12-31,4.724,2014-12-31
1643,2014-12-30,4.791,2014-12-30
1644,2014-12-29,4.845,2014-12-29
1645,2014-12-28,4.852,2014-12-28
1646,2014-12-27,4.852,2014-12-27
1647,2014-12-26,4.851,2014-12-26
1648,2014-12-25,4.849,2014-12-25
1649,2014-12-24,4.76,2014-12-24
1650,2014-12-23,4.633,2014-12-23
1651,2014-12-22,4.518,2014-12-22
1652,2014-12-21,4.419,2014-12-21
1653,2014-12-20,4.322,2014-12-20
1654,2014-12-19,4.225,2014-12-19
1655,2014-12-18,4.127,2014-12-18
1656,2014-12-17,4.083,2014-12-17
1657,2014-12-16,4.087,2014-12-16
1658,2014-12-15,4.057,2014-12-15
1659,2014-12-14,4.037,2014-12-14
1660,2014-12-13,4.031,2014-12-13
1661,2014-12-12,4.025,2014-12-12
1662,2014-12-11,4.029,2014-12-11
1663,2014-12-10,4.036,2014-12-10
1664,2014-12-09,4.011,2014-12-09
1665,2014-12-08,4.037,2014-12-08
1666,2014-12-07,4.061,2014-12-07
1667,2014-12-06,4.066,2014-12-06
1668,2014-12-05,4.072,2014-12-05
1669,2014-12-04,4.099,2014-12-04
1670,2014-12-03,4.089,2014-12-03
1671,2014-12-02,4.09,2014-12-02
1672,2014-12-01,4.068,2014-12-01
1673,2014-11-30,4.059,2014-11-30
1674,2014-11-29,4.057,2014-11-29
1675,2014-11-28,4.055,2014-11-28
1676,2014-11-27,4.034,2014-11-27
1677,2014-11-26,4.045,2014-11-26
1678,2014-11-25,4.047,2014-11-25
1679,2014-11-24,4.072,2014-11-24
1680,2014-11-23,4.077,2014-11-23
1681,2014-11-22,4.078,2014-11-22
1682,2014-11-21,4.078,2014-11-21
1683,2014-11-20,4.068,2014-11-20
1684,2014-11-19,4.118,2014-11-19
1685,2014-11-18,4.225,2014-11-18
1686,2014-11-17,4.243,2014-11-17
1687,2014-11-16,4.238,2014-11-16
1688,2014-11-15,4.243,2014-11-15
1689,2014-11-14,4.248,2014-11-14
1690,2014-11-13,4.256,2014-11-13
1691,2014-11-12,4.199,2014-11-12
1692,2014-11-11,4.103,2014-11-11
1693,2014-11-10,4.074,2014-11-10
1694,2014-11-09,4.07,2014-11-09
1695,2014-11-08,4.068,2014-11-08
1696,2014-11-07,4.066,2014-11-07
1697,2014-11-06,4.057,2014-11-06
1698,2014-11-05,4.056,2014-11-05
1699,2014-11-04,4.056,2014-11-04
1700,2014-11-03,4.098,2014-11-03
1701,2014-11-02,4.105,2014-11-02
1702,2014-11-01,4.108,2014-11-01
1703,2014-10-31,4.112,2014-10-31
1704,2014-10-30,4.119,2014-10-30
1705,2014-10-29,4.149,2014-10-29
1706,2014-10-28,4.145,2014-10-28
1707,2014-10-27,4.116,2014-10-27
1708,2014-10-26,4.126,2014-10-26
1709,2014-10-25,4.132,2014-10-25
1710,2014-10-24,4.139,2014-10-24
1711,2014-10-23,4.145,2014-10-23
1712,2014-10-22,4.14,2014-10-22
1713,2014-10-21,4.151,2014-10-21
1714,2014-10-20,4.155,2014-10-20
1715,2014-10-19,4.185,2014-10-19
1716,2014-10-18,4.186,2014-10-18
1717,2014-10-17,4.201,2014-10-17
1718,2014-10-16,4.202,2014-10-16
1719,2014-10-15,4.189,2014-10-15
1720,2014-10-14,4.188,2014-10-14
1721,2014-10-13,4.168,2014-10-13
1722,2014-10-12,4.125,2014-10-12
1723,2014-10-11,4.124,2014-10-11
1724,2014-10-10,4.108,2014-10-10
1725,2014-10-09,4.102,2014-10-09
1726,2014-10-08,4.097,2014-10-08
1727,2014-10-07,4.089,2014-10-07
1728,2014-10-06,4.099,2014-10-06
1729,2014-10-05,4.101,2014-10-05
1730,2014-10-04,4.115,2014-10-04
1731,2014-10-03,4.12,2014-10-03
1732,2014-10-02,4.163,2014-10-02
1733,2014-10-01,4.193,2014-10-01
1734,2014-09-30,4.2,2014-09-30
1735,2014-09-29,4.224,2014-09-29
1736,2014-09-28,4.23,2014-09-28
1737,2014-09-27,4.22,2014-09-27
1738,2014-09-26,4.218,2014-09-26
1739,2014-09-25,4.18,2014-09-25
1740,2014-09-24,4.183,2014-09-24
1741,2014-09-23,4.181,2014-09-23
1742,2014-09-22,4.166,2014-09-22
1743,2014-09-21,4.166,2014-09-21
1744,2014-09-20,4.166,2014-09-20
1745,2014-09-19,4.166,2014-09-19
1746,2014-09-18,4.166,2014-09-18
1747,2014-09-17,4.151,2014-09-17
1748,2014-09-16,4.154,2014-09-16
1749,2014-09-15,4.151,2014-09-15
1750,2014-09-14,4.148,2014-09-14
1751,2014-09-13,4.149,2014-09-13
1752,2014-09-12,4.15,2014-09-12
1753,2014-09-11,4.158,2014-09-11
1754,2014-09-10,4.154,2014-09-10
1755,2014-09-09,4.155,2014-09-09
1756,2014-09-08,4.143,2014-09-08
1757,2014-09-07,4.151,2014-09-07
1758,2014-09-06,4.158,2014-09-06
1759,2014-09-05,4.166,2014-09-05
1760,2014-09-04,4.164,2014-09-04
1761,2014-09-03,4.153,2014-09-03
1762,2014-09-02,4.149,2014-09-02
1763,2014-09-01,4.15,2014-09-01
1764,2014-08-31,4.146,2014-08-31
1765,2014-08-30,4.134,2014-08-30
1766,2014-08-29,4.123,2014-08-29
1767,2014-08-28,4.116,2014-08-28
1768,2014-08-27,4.123,2014-08-27
1769,2014-08-26,4.131,2014-08-26
1770,2014-08-25,4.139,2014-08-25
1771,2014-08-24,4.139,2014-08-24
1772,2014-08-23,4.146,2014-08-23
1773,2014-08-22,4.153,2014-08-22
1774,2014-08-21,4.158,2014-08-21
1775,2014-08-20,4.169,2014-08-20
1776,2014-08-19,4.163,2014-08-19
1777,2014-08-18,4.159,2014-08-18
1778,2014-08-17,4.165,2014-08-17
1779,2014-08-16,4.168,2014-08-16
1780,2014-08-15,4.17,2014-08-15
1781,2014-08-14,4.185,2014-08-14
1782,2014-08-13,4.175,2014-08-13
1783,2014-08-12,4.176,2014-08-12
1784,2014-08-11,4.179,2014-08-11
1785,2014-08-10,4.191,2014-08-10
1786,2014-08-09,4.191,2014-08-09
1787,2014-08-08,4.192,2014-08-08
1788,2014-08-07,4.18,2014-08-07
1789,2014-08-06,4.178,2014-08-06
1790,2014-08-05,4.178,2014-08-05
1791,2014-08-04,4.176,2014-08-04
1792,2014-08-03,4.166,2014-08-03
1793,2014-08-02,4.168,2014-08-02
1794,2014-08-01,4.171,2014-08-01
1795,2014-07-31,4.174,2014-07-31
1796,2014-07-30,4.178,2014-07-30
1797,2014-07-29,4.183,2014-07-29
1798,2014-07-28,4.184,2014-07-28
1799,2014-07-27,4.192,2014-07-27
1800,2014-07-26,4.187,2014-07-26
1801,2014-07-25,4.182,2014-07-25
1802,2014-07-24,4.181,2014-07-24
1803,2014-07-23,4.176,2014-07-23
1804,2014-07-22,4.182,2014-07-22
1805,2014-07-21,4.192,2014-07-21
1806,2014-07-20,4.184,2014-07-20
1807,2014-07-19,4.184,2014-07-19
1808,2014-07-18,4.184,2014-07-18
1809,2014-07-17,4.183,2014-07-17
1810,2014-07-16,4.192,2014-07-16
1811,2014-07-15,4.181,2014-07-15
1812,2014-07-14,4.172,2014-07-14
1813,2014-07-13,4.169,2014-07-13
1814,2014-07-12,4.173,2014-07-12
1815,2014-07-11,4.177,2014-07-11
1816,2014-07-10,4.178,2014-07-10
1817,2014-07-09,4.18,2014-07-09
1818,2014-07-08,4.191,2014-07-08
1819,2014-07-07,4.215,2014-07-07
1820,2014-07-06,4.216,2014-07-06
1821,2014-07-05,4.218,2014-07-05
1822,2014-07-04,4.22,2014-07-04
1823,2014-07-03,4.23,2014-07-03
1824,2014-07-02,4.221,2014-07-02
1825,2014-07-01,4.221,2014-07-01
1826,2014-06-30,4.235,2014-06-30
1827,2014-06-29,4.267,2014-06-29
1828,2014-06-28,4.296,2014-06-28
1829,2014-06-27,4.324,2014-06-27
1830,2014-06-26,4.375,2014-06-26
1831,2014-06-25,4.416,2014-06-25
1832,2014-06-24,4.463,2014-06-24
1833,2014-06-23,4.494,2014-06-23
1834,2014-06-22,4.535,2014-06-22
1835,2014-06-21,4.585,2014-06-21
1836,2014-06-20,4.634,2014-06-20
1837,2014-06-19,4.66,2014-06-19
1838,2014-06-18,4.697,2014-06-18
1839,2014-06-17,4.724,2014-06-17
1840,2014-06-16,4.734,2014-06-16
1841,2014-06-15,4.742,2014-06-15
1842,2014-06-14,4.73,2014-06-14
1843,2014-06-13,4.719,2014-06-13
1844,2014-06-12,4.702,2014-06-12
1845,2014-06-11,4.712,2014-06-11
1846,2014-06-10,4.706,2014-06-10
1847,2014-06-09,4.698,2014-06-09
1848,2014-06-08,4.675,2014-06-08
1849,2014-06-07,4.669,2014-06-07
1850,2014-06-06,4.664,2014-06-06
1851,2014-06-05,4.681,2014-06-05
1852,2014-06-04,4.657,2014-06-04
1853,2014-06-03,4.656,2014-06-03
1854,2014-06-02,4.66,2014-06-02
1855,2014-06-01,4.67,2014-06-01
1856,2014-05-31,4.677,2014-05-31
1857,2014-05-30,4.683,2014-05-30
1858,2014-05-29,4.684,2014-05-29
1859,2014-05-28,4.712,2014-05-28
1860,2014-05-27,4.746,2014-05-27
1861,2014-05-26,4.788,2014-05-26
1862,2014-05-25,4.831,2014-05-25
1863,2014-05-24,4.849,2014-05-24
1864,2014-05-23,4.867,2014-05-23
1865,2014-05-22,4.877,2014-05-22
1866,2014-05-21,4.882,2014-05-21
1867,2014-05-20,4.868,2014-05-20
1868,2014-05-19,4.853,2014-05-19
1869,2014-05-18,4.842,2014-05-18
1870,2014-05-17,4.858,2014-05-17
1871,2014-05-16,4.874,2014-05-16
1872,2014-05-15,4.888,2014-05-15
1873,2014-05-14,4.902,2014-05-14
1874,2014-05-13,4.924,2014-05-13
1875,2014-05-12,4.969,2014-05-12
1876,2014-05-11,4.985,2014-05-11
1877,2014-05-10,5.008,2014-05-10
1878,2014-05-09,5.022,2014-05-09
1879,2014-05-08,5.028,2014-05-08
1880,2014-05-07,5.036,2014-05-07
1881,2014-05-06,5.042,2014-05-06
1882,2014-05-05,5.022,2014-05-05
1883,2014-05-04,5.029,2014-05-04
1884,2014-05-03,5.023,2014-05-03
1885,2014-05-02,5.028,2014-05-02
1886,2014-05-01,5.032,2014-05-01
1887,2014-04-30,5.04,2014-04-30
1888,2014-04-29,5.048,2014-04-29
1889,2014-04-28,5.067,2014-04-28
1890,2014-04-27,5.087,2014-04-27
1891,2014-04-26,5.109,2014-04-26
1892,2014-04-25,5.13,2014-04-25
1893,2014-04-24,5.152,2014-04-24
1894,2014-04-23,5.171,2014-04-23
1895,2014-04-22,5.188,2014-04-22
1896,2014-04-21,5.2,2014-04-21
1897,2014-04-20,5.21,2014-04-20
1898,2014-04-19,5.224,2014-04-19
1899,2014-04-18,5.239,2014-04-18
1900,2014-04-17,5.253,2014-04-17
1901,2014-04-16,5.272,2014-04-16
1902,2014-04-15,5.287,2014-04-15
1903,2014-04-14,5.3,2014-04-14
1904,2014-04-13,5.315,2014-04-13
1905,2014-04-12,5.327,2014-04-12
1906,2014-04-11,5.339,2014-04-11
1907,2014-04-10,5.351,2014-04-10
1908,2014-04-09,5.36,2014-04-09
1909,2014-04-08,5.368,2014-04-08
1910,2014-04-07,5.373,2014-04-07
1911,2014-04-06,5.373,2014-04-06
1912,2014-04-05,5.37,2014-04-05
1913,2014-04-04,5.367,2014-04-04
1914,2014-04-03,5.362,2014-04-03
1915,2014-04-02,5.357,2014-04-02
1916,2014-04-01,5.356,2014-04-01
1917,2014-03-31,5.361,2014-03-31
1918,2014-03-30,5.374,2014-03-30
1919,2014-03-29,5.395,2014-03-29
1920,2014-03-28,5.415,2014-03-28
1921,2014-03-27,5.445,2014-03-27
1922,2014-03-26,5.472,2014-03-26
1923,2014-03-25,5.496,2014-03-25
1924,2014-03-24,5.511,2014-03-24
1925,2014-03-23,5.516,2014-03-23
1926,2014-03-22,5.526,2014-03-22
1927,2014-03-21,5.535,2014-03-21
1928,2014-03-20,5.538,2014-03-20
1929,2014-03-19,5.544,2014-03-19
1930,2014-03-18,5.555,2014-03-18
1931,2014-03-17,5.568,2014-03-17
1932,2014-03-16,5.592,2014-03-16
1933,2014-03-15,5.61,2014-03-15
1934,2014-03-14,5.628,2014-03-14
1935,2014-03-13,5.647,2014-03-13
1936,2014-03-12,5.668,2014-03-12
1937,2014-03-11,5.69,2014-03-11
1938,2014-03-10,5.716,2014-03-10
1939,2014-03-09,5.744,2014-03-09
1940,2014-03-08,5.774,2014-03-08
1941,2014-03-07,5.805,2014-03-07
1942,2014-03-06,5.835,2014-03-06
1943,2014-03-05,5.864,2014-03-05
1944,2014-03-04,5.895,2014-03-04
1945,2014-03-03,5.928,2014-03-03
1946,2014-03-02,5.971,2014-03-02
1947,2014-03-01,6.001,2014-03-01
1948,2014-02-28,6.031,2014-02-28
1949,2014-02-27,6.062,2014-02-27
1950,2014-02-26,6.093,2014-02-26
1951,2014-02-25,6.114,2014-02-25
1952,2014-02-24,6.136,2014-02-24
1953,2014-02-23,6.147,2014-02-23
1954,2014-02-22,6.165,2014-02-22
1955,2014-02-21,6.183,2014-02-21
1956,2014-02-20,6.201,2014-02-20
1957,2014-02-19,6.22,2014-02-19
1958,2014-02-18,6.241,2014-02-18
1959,2014-02-17,6.259,2014-02-17
1960,2014-02-16,6.286,2014-02-16
1961,2014-02-15,6.298,2014-02-15
1962,2014-02-14,6.311,2014-02-14
1963,2014-02-13,6.334,2014-02-13
1964,2014-02-12,6.298,2014-02-12
1965,2014-02-11,6.263,2014-02-11
1966,2014-02-10,6.225,2014-02-10
1967,2014-02-09,6.174,2014-02-09
1968,2014-02-08,6.135,2014-02-08
1969,2014-02-07,6.096,2014-02-07
1970,2014-02-06,6.044,2014-02-06
1971,2014-02-05,6.051,2014-02-05
1972,2014-02-04,6.085,2014-02-04
1973,2014-02-03,6.158,2014-02-03
1974,2014-02-02,6.205,2014-02-02
1975,2014-02-01,6.253,2014-02-01
1976,2014-01-31,6.293,2014-01-31
1977,2014-01-30,6.36,2014-01-30
1978,2014-01-29,6.432,2014-01-29
1979,2014-01-28,6.441,2014-01-28
1980,2014-01-27,6.416,2014-01-27
1981,2014-01-26,6.434,2014-01-26
1982,2014-01-25,6.424,2014-01-25
1983,2014-01-24,6.422,2014-01-24
1984,2014-01-23,6.413,2014-01-23
1985,2014-01-22,6.398,2014-01-22
1986,2014-01-21,6.423,2014-01-21
1987,2014-01-20,6.46,2014-01-20
1988,2014-01-19,6.48,2014-01-19
1989,2014-01-18,6.517,2014-01-18
1990,2014-01-17,6.554,2014-01-17
1991,2014-01-16,6.595,2014-01-16
1992,2014-01-15,6.618,2014-01-15
1993,2014-01-14,6.67,2014-01-14
1994,2014-01-13,6.695,2014-01-13
1995,2014-01-12,6.703,2014-01-12
1996,2014-01-11,6.721,2014-01-11
1997,2014-01-10,6.738,2014-01-10
1998,2014-01-09,6.737,2014-01-09
1999,2014-01-08,6.761,2014-01-08
2000,2014-01-07,6.738,2014-01-07
2001,2014-01-06,6.726,2014-01-06
2002,2014-01-05,6.738,2014-01-05
2003,2014-01-04,6.745,2014-01-04
2004,2014-01-03,6.753,2014-01-03
2005,2014-01-02,6.763,2014-01-02
2006,2014-01-01,6.74,2014-01-01
2007,2013-12-31,6.696,2013-12-31
2008,2013-12-30,6.598,2013-12-30
2009,2013-12-29,6.5,2013-12-29
2010,2013-12-28,6.346,2013-12-28
2011,2013-12-27,6.192,2013-12-27
2012,2013-12-26,6.032,2013-12-26
2013,2013-12-25,5.893,2013-12-25
2014,2013-12-24,5.757,2013-12-24
2015,2013-12-23,5.67,2013-12-23
2016,2013-12-22,5.592,2013-12-22
2017,2013-12-21,5.558,2013-12-21
2018,2013-12-20,5.524,2013-12-20
2019,2013-12-19,5.491,2013-12-19
2020,2013-12-18,5.463,2013-12-18
2021,2013-12-17,5.444,2013-12-17
2022,2013-12-16,5.43,2013-12-16
2023,2013-12-15,5.4,2013-12-15
2024,2013-12-14,5.363,2013-12-14
2025,2013-12-13,5.325,2013-12-13
2026,2013-12-12,5.288,2013-12-12
2027,2013-12-11,5.253,2013-12-11
2028,2013-12-10,5.241,2013-12-10
2029,2013-12-09,5.226,2013-12-09
2030,2013-12-08,5.207,2013-12-08
2031,2013-12-07,5.211,2013-12-07
2032,2013-12-06,5.214,2013-12-06
2033,2013-12-05,5.216,2013-12-05
2034,2013-12-04,5.207,2013-12-04
2035,2013-12-03,5.194,2013-12-03
2036,2013-12-02,5.182,2013-12-02
2037,2013-12-01,5.168,2013-12-01
2038,2013-11-30,5.145,2013-11-30
2039,2013-11-29,5.123,2013-11-29
2040,2013-11-28,5.102,2013-11-28
2041,2013-11-27,5.079,2013-11-27
2042,2013-11-26,5.057,2013-11-26
2043,2013-11-25,5.035,2013-11-25
2044,2013-11-24,5.013,2013-11-24
2045,2013-11-23,4.993,2013-11-23
2046,2013-11-22,4.973,2013-11-22
2047,2013-11-21,5.041,2013-11-21
2048,2013-11-20,5.033,2013-11-20
2049,2013-11-19,5.073,2013-11-19
2050,2013-11-18,5.139,2013-11-18
2051,2013-11-17,5.235,2013-11-17
2052,2013-11-16,5.224,2013-11-16
2053,2013-11-15,5.212,2013-11-15
2054,2013-11-14,5.112,2013-11-14
2055,2013-11-13,5.093,2013-11-13
2056,2013-11-12,5.028,2013-11-12
2057,2013-11-11,4.938,2013-11-11
2058,2013-11-10,4.825,2013-11-10
2059,2013-11-09,4.826,2013-11-09
2060,2013-11-08,4.827,2013-11-08
2061,2013-11-07,4.827,2013-11-07
2062,2013-11-06,4.829,2013-11-06
2063,2013-11-05,4.828,2013-11-05
2064,2013-11-04,4.825,2013-11-04
2065,2013-11-03,4.8,2013-11-03
2066,2013-11-02,4.79,2013-11-02
2067,2013-11-01,4.781,2013-11-01
2068,2013-10-31,4.772,2013-10-31
2069,2013-10-30,4.763,2013-10-30
2070,2013-10-29,4.754,2013-10-29
2071,2013-10-28,4.743,2013-10-28
2072,2013-10-27,4.797,2013-10-27
2073,2013-10-26,4.804,2013-10-26
2074,2013-10-25,4.811,2013-10-25
2075,2013-10-24,4.819,2013-10-24
2076,2013-10-23,4.825,2013-10-23
2077,2013-10-22,4.846,2013-10-22
2078,2013-10-21,4.888,2013-10-21
2079,2013-10-20,4.854,2013-10-20
2080,2013-10-19,4.866,2013-10-19
2081,2013-10-18,4.878,2013-10-18
2082,2013-10-17,4.889,2013-10-17
2083,2013-10-16,4.899,2013-10-16
2084,2013-10-15,4.889,2013-10-15
2085,2013-10-14,4.96,2013-10-14
2086,2013-10-13,4.978,2013-10-13
2087,2013-10-12,4.98,2013-10-12
2088,2013-10-11,4.985,2013-10-11
2089,2013-10-10,4.987,2013-10-10
2090,2013-10-09,4.992,2013-10-09
2091,2013-10-08,5.006,2013-10-08
2092,2013-10-07,4.919,2013-10-07
2093,2013-10-06,4.922,2013-10-06
2094,2013-10-05,4.924,2013-10-05
2095,2013-10-04,4.922,2013-10-04
2096,2013-10-03,4.956,2013-10-03
2097,2013-10-02,5.026,2013-10-02
2098,2013-10-01,5.065,2013-10-01
2099,2013-09-30,5.07,2013-09-30
2100,2013-09-29,5.026,2013-09-29
2101,2013-09-28,4.994,2013-09-28
2102,2013-09-27,4.963,2013-09-27
2103,2013-09-26,4.897,2013-09-26
2104,2013-09-25,4.796,2013-09-25
2105,2013-09-24,4.767,2013-09-24
2106,2013-09-23,4.724,2013-09-23
2107,2013-09-22,4.822,2013-09-22
2108,2013-09-21,4.825,2013-09-21
2109,2013-09-20,4.827,2013-09-20
2110,2013-09-19,4.893,2013-09-19
2111,2013-09-18,4.894,2013-09-18
2112,2013-09-17,4.848,2013-09-17
2113,2013-09-16,4.942,2013-09-16
2114,2013-09-15,4.956,2013-09-15
2115,2013-09-14,4.943,2013-09-14
2116,2013-09-13,4.932,2013-09-13
2117,2013-09-12,5.001,2013-09-12
2118,2013-09-11,4.989,2013-09-11
2119,2013-09-10,4.979,2013-09-10
2120,2013-09-09,4.876,2013-09-09
2121,2013-09-08,4.88,2013-09-08
2122,2013-09-07,4.87,2013-09-07
2123,2013-09-06,4.859,2013-09-06
2124,2013-09-05,4.807,2013-09-05
2125,2013-09-04,4.852,2013-09-04
2126,2013-09-03,4.84,2013-09-03
2127,2013-09-02,4.829,2013-09-02
2128,2013-09-01,4.685,2013-09-01
2129,2013-08-31,4.685,2013-08-31
2130,2013-08-30,4.686,2013-08-30
2131,2013-08-29,4.583,2013-08-29
2132,2013-08-28,4.528,2013-08-28
2133,2013-08-27,4.538,2013-08-27
2134,2013-08-26,4.546,2013-08-26
2135,2013-08-25,4.554,2013-08-25
2136,2013-08-24,4.551,2013-08-24
2137,2013-08-23,4.548,2013-08-23
2138,2013-08-22,4.546,2013-08-22
2139,2013-08-21,4.545,2013-08-21
2140,2013-08-20,4.54,2013-08-20
2141,2013-08-19,4.532,2013-08-19
2142,2013-08-18,4.526,2013-08-18
2143,2013-08-17,4.525,2013-08-17
2144,2013-08-16,4.524,2013-08-16
2145,2013-08-15,4.523,2013-08-15
2146,2013-08-14,4.521,2013-08-14
2147,2013-08-13,4.517,2013-08-13
2148,2013-08-12,4.511,2013-08-12
2149,2013-08-11,4.511,2013-08-11
2150,2013-08-10,4.512,2013-08-10
2151,2013-08-09,4.513,2013-08-09
2152,2013-08-08,4.516,2013-08-08
2153,2013-08-07,4.509,2013-08-07
2154,2013-08-06,4.507,2013-08-06
2155,2013-08-05,4.503,2013-08-05
2156,2013-08-04,4.483,2013-08-04
2157,2013-08-03,4.46,2013-08-03
2158,2013-08-02,4.437,2013-08-02
2159,2013-08-01,4.413,2013-08-01
2160,2013-07-31,4.392,2013-07-31
2161,2013-07-30,4.377,2013-07-30
2162,2013-07-29,4.369,2013-07-29
2163,2013-07-28,4.371,2013-07-28
2164,2013-07-27,4.384,2013-07-27
2165,2013-07-26,4.397,2013-07-26
2166,2013-07-25,4.411,2013-07-25
2167,2013-07-24,4.424,2013-07-24
2168,2013-07-23,4.426,2013-07-23
2169,2013-07-22,4.447,2013-07-22
2170,2013-07-21,4.471,2013-07-21
2171,2013-07-20,4.494,2013-07-20
2172,2013-07-19,4.518,2013-07-19
2173,2013-07-18,4.543,2013-07-18
2174,2013-07-17,4.582,2013-07-17
2175,2013-07-16,4.634,2013-07-16
2176,2013-07-15,4.682,2013-07-15
2177,2013-07-14,4.745,2013-07-14
2178,2013-07-13,4.815,2013-07-13
2179,2013-07-12,4.884,2013-07-12
2180,2013-07-11,4.959,2013-07-11
2181,2013-07-10,5.047,2013-07-10
2182,2013-07-09,5.15,2013-07-09
2183,2013-07-08,5.279,2013-07-08
2184,2013-07-07,5.425,2013-07-07
2185,2013-07-06,5.582,2013-07-06
2186,2013-07-05,5.739,2013-07-05
2187,2013-07-04,5.903,2013-07-04
2188,2013-07-03,6.034,2013-07-03
2189,2013-07-02,6.174,2013-07-02
2190,2013-07-01,6.307,2013-07-01
2191,2013-06-30,6.299,2013-06-30
2192,2013-06-29,6.192,2013-06-29
2193,2013-06-28,6.084,2013-06-28
2194,2013-06-27,5.991,2013-06-27
2195,2013-06-26,5.86,2013-06-26
2196,2013-06-25,5.658,2013-06-25
2197,2013-06-24,5.467,2013-06-24
2198,2013-06-23,5.419,2013-06-23
2199,2013-06-22,5.32,2013-06-22
2200,2013-06-21,5.222,2013-06-21
2201,2013-06-20,5.096,2013-06-20
2202,2013-06-19,4.968,2013-06-19
2203,2013-06-18,4.676,2013-06-18
2204,2013-06-17,4.338,2013-06-17
2205,2013-06-16,3.981,2013-06-16
2206,2013-06-15,3.732,2013-06-15
2207,2013-06-14,3.484,2013-06-14
2208,2013-06-13,3.234,2013-06-13
2209,2013-06-12,3.035,2013-06-12
2210,2013-06-11,3.036,2013-06-11
2211,2013-06-10,3.036,2013-06-10
2212,2013-06-09,3.037,2013-06-09
2213,2013-06-08,3.039,2013-06-08
2214,2013-06-07,3.041,2013-06-07
2215,2013-06-06,3.043,2013-06-06
2216,2013-06-05,3.023,2013-06-05
2217,2013-06-04,2.772,2013-06-04
2218,2013-06-03,2.728,2013-06-03
2219,2013-06-02,2.665,2013-06-02
2220,2013-05-30,2.093,2013-05-30
